title,slug,category,categorySlug,price,tag,inventory,status,image,video,gallery,variants,hues,description,seoTitle,seoDescription,seoKeywords,canonicalUrl,imageAlt,brand,sku,reviewRating,reviewCount,seoFocusKeyphrase,sortOrder,sourceProductId,sourceHandle,sourcePublishedAt
"#YQ Two Gram Whole Melts Phase 3 Disposables","yq-two-gram-whole-melts-phase-3-disposables","Carts","carts","14.5","Carts","0","active","https://cdn.shopify.com/s/files/1/0993/8236/2408/files/IMG_7973_ac77a6ac-5225-44b1-9f6c-c109a35676d9.jpg?v=1782189116","https://kypfpc-f5.myshopify.com/cdn/shop/videos/c/vp/70bafa750a78427a9463011c9d34e0a4/70bafa750a78427a9463011c9d34e0a4.HD-1080p-4.8Mbps-87183184.mp4","[""https://cdn.shopify.com/s/files/1/0993/8236/2408/files/IMG_7973_ac77a6ac-5225-44b1-9f6c-c109a35676d9.jpg?v=1782189116""]","[{""name"":""Default Title"",""price"":14.5,""inventory"":999}]","[""hsl(183, 30%, 18%)"",""hsl(183, 40%, 35%)"",""hsl(183, 50%, 60%)""]","*Anything Lower than 50 is Add On Only* #YQ Two Gram Whole Melts Phase 3 Disposables is available in the Carts catalog from FUELPACKS with live product images, video media when available, variant pricing, and a simple Telegram checkout handoff. This restored listing includes clean product details for shoppers comparing menu items, reviewing availability, choosing options, and sending prepared order details directly to the sales rep. Current variants include Default Title at $14.50. The page includes optimized metadata, descriptive image alt text, a clean slug, pricing information, and product copy built for search visibility.","#YQ Two Gram Whole Melts Phase 3 Disposables | FUELPACKS Carts","#YQ Two Gram Whole Melts Phase 3 Disposables from FUELPACKS Carts. View images, video, variants, price, availability, and send your prepared order...","Carts; #YQ Two Gram Whole Melts Phase 3 Disposables; FUELPACKS; Telegram ordering","/products/yq-two-gram-whole-melts-phase-3-disposables","#YQ Two Gram Whole Melts Phase 3 Disposables product image from FUELPACKS","FUELPACKS","yq-two-gram-whole-melts-phase-3-disposables","","","#YQ Two Gram Whole Melts Phase 3 Disposables","0","gid://shopify/Product/10323222823208","yq-two-gram-whole-melts-phase-3-disposables","2026-06-23T04:33:01Z"
"#ZK Two Gram Sluggers Hit Switch Disposables","zk-two-gram-sluggers-hit-switch-disposables","Carts","carts","14.5","Carts","0","active","https://cdn.shopify.com/s/files/1/0993/8236/2408/files/IMG_7979.jpg?v=1782189496","https://kypfpc-f5.myshopify.com/cdn/shop/videos/c/vp/95ad9d3966c74082aa6fdb4dc3465ad8/95ad9d3966c74082aa6fdb4dc3465ad8.HD-1080p-4.8Mbps-87183521.mp4","[""https://cdn.shopify.com/s/files/1/0993/8236/2408/files/IMG_7979.jpg?v=1782189496""]","[{""name"":""Default Title"",""price"":14.5,""inventory"":999}]","[""hsl(262, 30%, 18%)"",""hsl(262, 40%, 35%)"",""hsl(262, 50%, 60%)""]","*Anything Lower than 50 is Add On Only* #ZK Two Gram Sluggers Hit Switch Disposables is available in the Carts catalog from FUELPACKS with live product images, video media when available, variant pricing, and a simple Telegram checkout handoff. This restored listing includes clean product details for shoppers comparing menu items, reviewing availability, choosing options, and sending prepared order details directly to the sales rep. Current variants include Default Title at $14.50. The page includes optimized metadata, descriptive image alt text, a clean slug, pricing information, and product copy built for search visibility.","#ZK Two Gram Sluggers Hit Switch Disposables | FUELPACKS Carts","#ZK Two Gram Sluggers Hit Switch Disposables from FUELPACKS Carts. View images, video, variants, price, availability, and send your prepared order...","Carts; #ZK Two Gram Sluggers Hit Switch Disposables; FUELPACKS; Telegram ordering","/products/zk-two-gram-sluggers-hit-switch-disposables","#ZK Two Gram Sluggers Hit Switch Disposables product image from FUELPACKS","FUELPACKS","zk-two-gram-sluggers-hit-switch-disposables","","","#ZK Two Gram Sluggers Hit Switch Disposables","1","gid://shopify/Product/10323223478568","zk-two-gram-sluggers-hit-switch-disposables","2026-06-23T04:38:41Z"
"#YA Two Gram Ace Ultra Premium Disposables","ya-two-gram-ace-ultra-premium-disposables","Carts","carts","14.5","Carts","0","active","https://cdn.shopify.com/s/files/1/0993/8236/2408/files/IMG_7981.jpg?v=1782189600","https://kypfpc-f5.myshopify.com/cdn/shop/videos/c/vp/97c419c4939546338da0e4a6a95edea2/97c419c4939546338da0e4a6a95edea2.HD-1080p-4.8Mbps-87183628.mp4","[""https://cdn.shopify.com/s/files/1/0993/8236/2408/files/IMG_7981.jpg?v=1782189600""]","[{""name"":""Default Title"",""price"":14.5,""inventory"":999}]","[""hsl(2, 30%, 18%)"",""hsl(2, 40%, 35%)"",""hsl(2, 50%, 60%)""]","*Anything Lower than 50 is Add On Only* #YA Two Gram Ace Ultra Premium Disposables is available in the Carts catalog from FUELPACKS with live product images, video media when available, variant pricing, and a simple Telegram checkout handoff. This restored listing includes clean product details for shoppers comparing menu items, reviewing availability, choosing options, and sending prepared order details directly to the sales rep. Current variants include Default Title at $14.50. The page includes optimized metadata, descriptive image alt text, a clean slug, pricing information, and product copy built for search visibility.","#YA Two Gram Ace Ultra Premium Disposables | FUELPACKS Carts","#YA Two Gram Ace Ultra Premium Disposables from FUELPACKS Carts. View images, video, variants, price, availability, and send your prepared order through...","Carts; #YA Two Gram Ace Ultra Premium Disposables; FUELPACKS; Telegram ordering","/products/ya-two-gram-ace-ultra-premium-disposables","#YA Two Gram Ace Ultra Premium Disposables product image from FUELPACKS","FUELPACKS","ya-two-gram-ace-ultra-premium-disposables","","","#YA Two Gram Ace Ultra Premium Disposables","2","gid://shopify/Product/10323223576872","ya-two-gram-ace-ultra-premium-disposables","2026-06-23T04:40:31Z"
"#ZM Assorted Edibles","zm-assorted-edibles","Edibles","edibles","8","Edibles","0","active","https://cdn.shopify.com/s/files/1/0993/8236/2408/files/IMG_7983.jpg?v=1782189681","https://kypfpc-f5.myshopify.com/cdn/shop/videos/c/vp/0bab480e8ac8470281dceb9c937353af/0bab480e8ac8470281dceb9c937353af.HD-1080p-4.8Mbps-87183688.mp4","[""https://cdn.shopify.com/s/files/1/0993/8236/2408/files/IMG_7983.jpg?v=1782189681""]","[{""name"":""Default Title"",""price"":8,""inventory"":999}]","[""hsl(270, 30%, 18%)"",""hsl(270, 40%, 35%)"",""hsl(270, 50%, 60%)""]","*Any Amount Lower than 50 is Add On Only* #ZM Assorted Edibles is available in the Edibles catalog from FUELPACKS with live product images, video media when available, variant pricing, and a simple Telegram checkout handoff. This restored listing includes clean product details for shoppers comparing menu items, reviewing availability, choosing options, and sending prepared order details directly to the sales rep. Current variants include Default Title at $8.00. The page includes optimized metadata, descriptive image alt text, a clean slug, pricing information, and product copy built for search visibility.","#ZM Assorted Edibles | FUELPACKS Edibles","#ZM Assorted Edibles from FUELPACKS Edibles. View images, video, variants, price, availability, and send your prepared order through Telegram checkout.","Edibles; #ZM Assorted Edibles; FUELPACKS; Telegram ordering","/products/zm-assorted-edibles","#ZM Assorted Edibles product image from FUELPACKS","FUELPACKS","zm-assorted-edibles","","","#ZM Assorted Edibles","3","gid://shopify/Product/10323223675176","zm-assorted-edibles","2026-06-23T04:41:52Z"
"#ZS Two Gram Hitz Infinity Disposables","zs-two-gram-hitz-infinity-disposables","Carts","carts","14.5","Carts","0","active","https://cdn.shopify.com/s/files/1/0993/8236/2408/files/IMG_8171.jpg?v=1782190030","https://kypfpc-f5.myshopify.com/cdn/shop/videos/c/vp/e176b2929e1742c8afdf06d67f89db3f/e176b2929e1742c8afdf06d67f89db3f.HD-1080p-4.8Mbps-87183934.mp4","[""https://cdn.shopify.com/s/files/1/0993/8236/2408/files/IMG_8171.jpg?v=1782190030""]","[{""name"":""Default Title"",""price"":14.5,""inventory"":999}]","[""hsl(275, 30%, 18%)"",""hsl(275, 40%, 35%)"",""hsl(275, 50%, 60%)""]","*Anything Lower than 50 is Add On Only* #ZS Two Gram Hitz Infinity Disposables is available in the Carts catalog from FUELPACKS with live product images, video media when available, variant pricing, and a simple Telegram checkout handoff. This restored listing includes clean product details for shoppers comparing menu items, reviewing availability, choosing options, and sending prepared order details directly to the sales rep. Current variants include Default Title at $14.50. The page includes optimized metadata, descriptive image alt text, a clean slug, pricing information, and product copy built for search visibility.","#ZS Two Gram Hitz Infinity Disposables | FUELPACKS Carts","#ZS Two Gram Hitz Infinity Disposables from FUELPACKS Carts. View images, video, variants, price, availability, and send your prepared order through...","Carts; #ZS Two Gram Hitz Infinity Disposables; FUELPACKS; Telegram ordering","/products/zs-two-gram-hitz-infinity-disposables","#ZS Two Gram Hitz Infinity Disposables product image from FUELPACKS","FUELPACKS","zs-two-gram-hitz-infinity-disposables","","","#ZS Two Gram Hitz Infinity Disposables","4","gid://shopify/Product/10323224068392","zs-two-gram-hitz-infinity-disposables","2026-06-23T04:47:18Z"
"#ZA Two Gram Luigi Disposables","za-two-gram-luigi-disposables","Carts","carts","15.5","Carts","0","active","https://cdn.shopify.com/s/files/1/0993/8236/2408/files/IMG_8461.jpg?v=1782190116","https://kypfpc-f5.myshopify.com/cdn/shop/videos/c/vp/0f6fe8b5826e4f6d93ec8fc53177ae8c/0f6fe8b5826e4f6d93ec8fc53177ae8c.HD-1080p-4.8Mbps-87183983.mp4","[""https://cdn.shopify.com/s/files/1/0993/8236/2408/files/IMG_8461.jpg?v=1782190116""]","[{""name"":""Default Title"",""price"":15.5,""inventory"":999}]","[""hsl(57, 30%, 18%)"",""hsl(57, 40%, 35%)"",""hsl(57, 50%, 60%)""]","*Anything Lower than 50 is Add On Only* #ZA Two Gram Luigi Disposables is available in the Carts catalog from FUELPACKS with live product images, video media when available, variant pricing, and a simple Telegram checkout handoff. This restored listing includes clean product details for shoppers comparing menu items, reviewing availability, choosing options, and sending prepared order details directly to the sales rep. Current variants include Default Title at $15.50. The page includes optimized metadata, descriptive image alt text, a clean slug, pricing information, and product copy built for search visibility.","#ZA Two Gram Luigi Disposables | FUELPACKS Carts","#ZA Two Gram Luigi Disposables from FUELPACKS Carts. View images, video, variants, price, availability, and send your prepared order through Telegram checkout.","Carts; #ZA Two Gram Luigi Disposables; FUELPACKS; Telegram ordering","/products/za-two-gram-luigi-disposables","#ZA Two Gram Luigi Disposables product image from FUELPACKS","FUELPACKS","za-two-gram-luigi-disposables","","","#ZA Two Gram Luigi Disposables","5","gid://shopify/Product/10323224166696","za-two-gram-luigi-disposables","2026-06-23T04:48:46Z"
"#ZW Two Gram Clean Carts Disposables","zw-two-gram-clean-carts-disposables","Carts","carts","14.5","Carts","0","active","https://cdn.shopify.com/s/files/1/0993/8236/2408/files/IMG_8503.jpg?v=1782190203","https://kypfpc-f5.myshopify.com/cdn/shop/videos/c/vp/7a720d2fee7b43c58f4046a8393c92c1/7a720d2fee7b43c58f4046a8393c92c1.HD-1080p-4.8Mbps-87184153.mp4","[""https://cdn.shopify.com/s/files/1/0993/8236/2408/files/IMG_8503.jpg?v=1782190203""]","[{""name"":""Default Title"",""price"":14.5,""inventory"":999}]","[""hsl(296, 30%, 18%)"",""hsl(296, 40%, 35%)"",""hsl(296, 50%, 60%)""]","*Anything Lower than 50 is Add On Only* #ZW Two Gram Clean Carts Disposables is available in the Carts catalog from FUELPACKS with live product images, video media when available, variant pricing, and a simple Telegram checkout handoff. This restored listing includes clean product details for shoppers comparing menu items, reviewing availability, choosing options, and sending prepared order details directly to the sales rep. Current variants include Default Title at $14.50. The page includes optimized metadata, descriptive image alt text, a clean slug, pricing information, and product copy built for search visibility.","#ZW Two Gram Clean Carts Disposables | FUELPACKS Carts","#ZW Two Gram Clean Carts Disposables from FUELPACKS Carts. View images, video, variants, price, availability, and send your prepared order through...","Carts; #ZW Two Gram Clean Carts Disposables; FUELPACKS; Telegram ordering","/products/zw-two-gram-clean-carts-disposables","#ZW Two Gram Clean Carts Disposables product image from FUELPACKS","FUELPACKS","zw-two-gram-clean-carts-disposables","","","#ZW Two Gram Clean Carts Disposables","6","gid://shopify/Product/10323224396072","zw-two-gram-clean-carts-disposables","2026-06-23T04:50:10Z"
"#ZI Faded Fruits Edibles","zi-faded-fruits-edibles","Edibles","edibles","10","Edibles","0","active","https://cdn.shopify.com/s/files/1/0993/8236/2408/files/IMG_8595.jpg?v=1782190259","https://kypfpc-f5.myshopify.com/cdn/shop/videos/c/vp/e1ade51db82a48c69ab1de38797221b5/e1ade51db82a48c69ab1de38797221b5.HD-1080p-4.8Mbps-87184206.mp4","[""https://cdn.shopify.com/s/files/1/0993/8236/2408/files/IMG_8595.jpg?v=1782190259""]","[{""name"":""Default Title"",""price"":10,""inventory"":999}]","[""hsl(63, 30%, 18%)"",""hsl(63, 40%, 35%)"",""hsl(63, 50%, 60%)""]","*Any Amount Lower than 50 is Add On Only* *Infused Edibles* #ZI Faded Fruits Edibles is available in the Edibles catalog from FUELPACKS with live product images, video media when available, variant pricing, and a simple Telegram checkout handoff. This restored listing includes clean product details for shoppers comparing menu items, reviewing availability, choosing options, and sending prepared order details directly to the sales rep. Current variants include Default Title at $10.00. The page includes optimized metadata, descriptive image alt text, a clean slug, pricing information, and product copy built for search visibility.","#ZI Faded Fruits Edibles | FUELPACKS Edibles","#ZI Faded Fruits Edibles from FUELPACKS Edibles. View images, video, variants, price, availability, and send your prepared order through Telegram checkout.","Edibles; #ZI Faded Fruits Edibles; FUELPACKS; Telegram ordering","/products/zi-faded-fruits-edibles","#ZI Faded Fruits Edibles product image from FUELPACKS","FUELPACKS","zi-faded-fruits-edibles","","","#ZI Faded Fruits Edibles","7","gid://shopify/Product/10323225051432","zi-faded-fruits-edibles","2026-06-23T04:51:51Z"
"#ZB Two Gram Authentic Whole Melts Phase 5 Disposables","zb-two-gram-authentic-whole-melts-phase-5-disposables","Carts","carts","17.5","Carts","0","active","https://cdn.shopify.com/s/files/1/0993/8236/2408/files/IMG_8652.jpg?v=1782190424","https://kypfpc-f5.myshopify.com/cdn/shop/videos/c/vp/3d810a7b6ae54b3b8089a932775d49c3/3d810a7b6ae54b3b8089a932775d49c3.HD-1080p-4.8Mbps-87184345.mp4","[""https://cdn.shopify.com/s/files/1/0993/8236/2408/files/IMG_8652.jpg?v=1782190424""]","[{""name"":""Default Title"",""price"":17.5,""inventory"":999}]","[""hsl(9, 30%, 18%)"",""hsl(9, 40%, 35%)"",""hsl(9, 50%, 60%)""]","*Anything Lower than 50 is Add On Only* #ZB Two Gram Authentic Whole Melts Phase 5 Disposables is available in the Carts catalog from FUELPACKS with live product images, video media when available, variant pricing, and a simple Telegram checkout handoff. This restored listing includes clean product details for shoppers comparing menu items, reviewing availability, choosing options, and sending prepared order details directly to the sales rep. Current variants include Default Title at $17.50. The page includes optimized metadata, descriptive image alt text, a clean slug, pricing information, and product copy built for search visibility.","#ZB Two Gram Authentic Whole Melts Phase 5 Disposables |","#ZB Two Gram Authentic Whole Melts Phase 5 Disposables from FUELPACKS Carts. View images, video, variants, price, availability, and send your prepared...","Carts; #ZB Two Gram Authentic Whole Melts Phase 5 Disposables; FUELPACKS; Telegram ordering","/products/zb-two-gram-authentic-whole-melts-phase-5-disposables","#ZB Two Gram Authentic Whole Melts Phase 5 Disposables product image from FUELPACKS","FUELPACKS","zb-two-gram-authentic-whole-melts-phase-5-disposables","","","#ZB Two Gram Authentic Whole Melts Phase 5 Disposables","8","gid://shopify/Product/10323225805096","zb-two-gram-authentic-whole-melts-phase-5-disposables","2026-06-23T04:53:49Z"
"#YB Two Gram Boutique Switch V5 Disposables","yb-two-gram-boutique-switch-v5-disposables","Carts","carts","14.5","Carts","0","active","https://cdn.shopify.com/s/files/1/0993/8236/2408/files/IMG_6007.jpg?v=1782190607","https://kypfpc-f5.myshopify.com/cdn/shop/videos/c/vp/3f3a5569a58f4f5cbb2f977117ca9563/3f3a5569a58f4f5cbb2f977117ca9563.HD-1080p-4.8Mbps-87184475.mp4","[""https://cdn.shopify.com/s/files/1/0993/8236/2408/files/IMG_6007.jpg?v=1782190607""]","[{""name"":""Default Title"",""price"":14.5,""inventory"":999}]","[""hsl(62, 30%, 18%)"",""hsl(62, 40%, 35%)"",""hsl(62, 50%, 60%)""]","*Anything Lower than 50 is Add On Only* #YB Two Gram Boutique Switch V5 Disposables is available in the Carts catalog from FUELPACKS with live product images, video media when available, variant pricing, and a simple Telegram checkout handoff. This restored listing includes clean product details for shoppers comparing menu items, reviewing availability, choosing options, and sending prepared order details directly to the sales rep. Current variants include Default Title at $14.50. The page includes optimized metadata, descriptive image alt text, a clean slug, pricing information, and product copy built for search visibility.","#YB Two Gram Boutique Switch V5 Disposables | FUELPACKS Carts","#YB Two Gram Boutique Switch V5 Disposables from FUELPACKS Carts. View images, video, variants, price, availability, and send your prepared order through...","Carts; #YB Two Gram Boutique Switch V5 Disposables; FUELPACKS; Telegram ordering","/products/yb-two-gram-boutique-switch-v5-disposables","#YB Two Gram Boutique Switch V5 Disposables product image from FUELPACKS","FUELPACKS","yb-two-gram-boutique-switch-v5-disposables","","","#YB Two Gram Boutique Switch V5 Disposables","9","gid://shopify/Product/10323227017512","yb-two-gram-boutique-switch-v5-disposables","2026-06-23T04:56:48Z"
"#ZL Devour Two Gram Pre-Rolls","zl-devour-two-gram-pre-rolls","Prerolls","prerolls","10.5","Prerolls","0","active","https://cdn.shopify.com/s/files/1/0993/8236/2408/files/IMG_8791.jpg?v=1782190711","https://kypfpc-f5.myshopify.com/cdn/shop/videos/c/vp/0f030ba8208d4b51be96f35422623999/0f030ba8208d4b51be96f35422623999.HD-1080p-4.8Mbps-87184561.mp4","[""https://cdn.shopify.com/s/files/1/0993/8236/2408/files/IMG_8791.jpg?v=1782190711""]","[{""name"":""Default Title"",""price"":10.5,""inventory"":999}]","[""hsl(298, 30%, 18%)"",""hsl(298, 40%, 35%)"",""hsl(298, 50%, 60%)""]","*Anything Lower than 50 is Add On Only* EACH PIECE HAS TWO PREROLLS EACH PREROLL HAS TWO GRAMS #ZL Devour Two Gram Pre-Rolls is available in the Prerolls catalog from FUELPACKS with live product images, video media when available, variant pricing, and a simple Telegram checkout handoff. This restored listing includes clean product details for shoppers comparing menu items, reviewing availability, choosing options, and sending prepared order details directly to the sales rep. Current variants include Default Title at $10.50. The page includes optimized metadata, descriptive image alt text, a clean slug, pricing information, and product copy built for search visibility.","#ZL Devour Two Gram Pre-Rolls | FUELPACKS Prerolls","#ZL Devour Two Gram Pre-Rolls from FUELPACKS Prerolls. View images, video, variants, price, availability, and send your prepared order through Telegram...","Prerolls; #ZL Devour Two Gram Pre-Rolls; FUELPACKS; Telegram ordering","/products/zl-devour-two-gram-pre-rolls","#ZL Devour Two Gram Pre-Rolls product image from FUELPACKS","FUELPACKS","zl-devour-two-gram-pre-rolls","","","#ZL Devour Two Gram Pre-Rolls","10","gid://shopify/Product/10323227377960","zl-devour-two-gram-pre-rolls","2026-06-23T04:59:32Z"
"#YP Two Gram Fry’d + Preroll Disposables","yp-two-gram-fry-d-preroll-disposables","Carts","carts","15.5","Carts","0","active","https://cdn.shopify.com/s/files/1/0993/8236/2408/files/IMG_8793.jpg?v=1782191001","https://kypfpc-f5.myshopify.com/cdn/shop/videos/c/vp/fc9ae2b82f0c4f60b058c448adb1b968/fc9ae2b82f0c4f60b058c448adb1b968.HD-1080p-4.8Mbps-87184744.mp4","[""https://cdn.shopify.com/s/files/1/0993/8236/2408/files/IMG_8793.jpg?v=1782191001""]","[{""name"":""Default Title"",""price"":15.5,""inventory"":999}]","[""hsl(142, 30%, 18%)"",""hsl(142, 40%, 35%)"",""hsl(142, 50%, 60%)""]","*Anything Lower than 50 is Add On Only* #YP Two Gram Fry’d + Preroll Disposables is available in the Carts catalog from FUELPACKS with live product images, video media when available, variant pricing, and a simple Telegram checkout handoff. This restored listing includes clean product details for shoppers comparing menu items, reviewing availability, choosing options, and sending prepared order details directly to the sales rep. Current variants include Default Title at $15.50. The page includes optimized metadata, descriptive image alt text, a clean slug, pricing information, and product copy built for search visibility.","#YP Two Gram Fry’d + Preroll Disposables | FUELPACKS Carts","#YP Two Gram Fry’d + Preroll Disposables from FUELPACKS Carts. View images, video, variants, price, availability, and send your prepared order through...","Carts; #YP Two Gram Fry’d + Preroll Disposables; FUELPACKS; Telegram ordering","/products/yp-two-gram-fry-d-preroll-disposables","#YP Two Gram Fry’d + Preroll Disposables product image from FUELPACKS","FUELPACKS","yp-two-gram-fry-d-preroll-disposables","","","#YP Two Gram Fry’d + Preroll Disposables","11","gid://shopify/Product/10323227672872","yp-two-gram-fry-d-preroll-disposables","2026-06-23T05:04:07Z"
"#YD Two Gram Dame Un Besos Disposables","yd-two-gram-dame-un-besos-disposables","Carts","carts","14.5","Carts","0","active","https://cdn.shopify.com/s/files/1/0993/8236/2408/files/IMG_8797.jpg?v=1782191182","https://kypfpc-f5.myshopify.com/cdn/shop/videos/c/vp/3303772c9c244b878abed9cfb803ea31/3303772c9c244b878abed9cfb803ea31.HD-1080p-4.8Mbps-87184848.mp4","[""https://cdn.shopify.com/s/files/1/0993/8236/2408/files/IMG_8797.jpg?v=1782191182""]","[{""name"":""Default Title"",""price"":14.5,""inventory"":999}]","[""hsl(91, 30%, 18%)"",""hsl(91, 40%, 35%)"",""hsl(91, 50%, 60%)""]","*Anything Lower than 50 is Add On Only* #YD Two Gram Dame Un Besos Disposables is available in the Carts catalog from FUELPACKS with live product images, video media when available, variant pricing, and a simple Telegram checkout handoff. This restored listing includes clean product details for shoppers comparing menu items, reviewing availability, choosing options, and sending prepared order details directly to the sales rep. Current variants include Default Title at $14.50. The page includes optimized metadata, descriptive image alt text, a clean slug, pricing information, and product copy built for search visibility.","#YD Two Gram Dame Un Besos Disposables | FUELPACKS Carts","#YD Two Gram Dame Un Besos Disposables from FUELPACKS Carts. View images, video, variants, price, availability, and send your prepared order through...","Carts; #YD Two Gram Dame Un Besos Disposables; FUELPACKS; Telegram ordering","/products/yd-two-gram-dame-un-besos-disposables","#YD Two Gram Dame Un Besos Disposables product image from FUELPACKS","FUELPACKS","yd-two-gram-dame-un-besos-disposables","","","#YD Two Gram Dame Un Besos Disposables","12","gid://shopify/Product/10323228393768","yd-two-gram-dame-un-besos-disposables","2026-06-23T05:06:28Z"
"#ZJ Devour Powdered Donut Holes","zj-devour-powdered-donut-holes","Prerolls","prerolls","11","Prerolls","0","active","https://cdn.shopify.com/s/files/1/0993/8236/2408/files/IMG_6059.jpg?v=1782191609","https://kypfpc-f5.myshopify.com/cdn/shop/videos/c/vp/44c50bf53c184a69be5104fba69a03d9/44c50bf53c184a69be5104fba69a03d9.HD-1080p-4.8Mbps-87185154.mp4","[""https://cdn.shopify.com/s/files/1/0993/8236/2408/files/IMG_6059.jpg?v=1782191609""]","[{""name"":""Default Title"",""price"":11,""inventory"":999}]","[""hsl(332, 30%, 18%)"",""hsl(332, 40%, 35%)"",""hsl(332, 50%, 60%)""]","*Anything Lower than 50 is Add On Only* EACH JOINT IS TWO GRAMS EACH BOX HAS 25 JOINTS *DIAMOND COATED PREROLLS WITH LIVE ROSIN CENTER* #ZJ Devour Powdered Donut Holes is available in the Prerolls catalog from FUELPACKS with live product images, video media when available, variant pricing, and a simple Telegram checkout handoff. This restored listing includes clean product details for shoppers comparing menu items, reviewing availability, choosing options, and sending prepared order details directly to the sales rep. Current variants include Default Title at $11.00. The page includes optimized metadata, descriptive image alt text, a clean slug, pricing information, and product copy built for search visibility.","#ZJ Devour Powdered Donut Holes | FUELPACKS Prerolls","#ZJ Devour Powdered Donut Holes from FUELPACKS Prerolls. View images, video, variants, price, availability, and send your prepared order through Telegram...","Prerolls; #ZJ Devour Powdered Donut Holes; FUELPACKS; Telegram ordering","/products/zj-devour-powdered-donut-holes","#ZJ Devour Powdered Donut Holes product image from FUELPACKS","FUELPACKS","zj-devour-powdered-donut-holes","","","#ZJ Devour Powdered Donut Holes","13","gid://shopify/Product/10323229147432","zj-devour-powdered-donut-holes","2026-06-23T05:13:52Z"
"#ZP Authentic Persy Awful Lotta Cough Syrup Snowballs","zp-authentic-persy-awful-lotta-cough-syrup-snowballs","Moonrocks/Snowcaps","moonrocks-snowcaps","95","Moonrocks/Snowcaps","0","active","https://cdn.shopify.com/s/files/1/0993/8236/2408/files/IMG_0226.jpg?v=1782193661","https://kypfpc-f5.myshopify.com/cdn/shop/videos/c/vp/708b9b584c3446d28dee5e655792920d/708b9b584c3446d28dee5e655792920d.HD-1080p-4.8Mbps-87186897.mp4","[""https://cdn.shopify.com/s/files/1/0993/8236/2408/files/IMG_0226.jpg?v=1782193661""]","[{""name"":""OZ"",""price"":95,""inventory"":999},{""name"":""QP"",""price"":375,""inventory"":999},{""name"":""HP"",""price"":700,""inventory"":999},{""name"":""P"",""price"":1300,""inventory"":999}]","[""hsl(234, 30%, 18%)"",""hsl(234, 40%, 35%)"",""hsl(234, 50%, 60%)""]","These Snowballs are made with the most potent crosses of Lemon Cherry Gelato. These buds are coated with THCA isolate and soaked in Liquid Diamonds to ensure potency. These are perfect if you’re tryna elevate your trap 🪤 and beat your competition in Quality and Presentation. #ZP Authentic Persy Awful Lotta Cough Syrup Snowballs is available in the Moonrocks/Snowcaps catalog from FUELPACKS with live product images, video media when available, variant pricing, and a simple Telegram checkout handoff. This restored listing includes clean product details for shoppers comparing menu items, reviewing availability, choosing options, and sending prepared order details directly to the sales rep. Current variants include OZ at $95.00, QP at $375.00, HP at $700.00, P at $1300.00. The page includes optimized metadata, descriptive image alt text, a clean slug, pricing information, and product copy built for search visibility.","#ZP Authentic Persy Awful Lotta Cough Syrup Snowballs |","#ZP Authentic Persy Awful Lotta Cough Syrup Snowballs from FUELPACKS Moonrocks/Snowcaps. View images, video, variants, price, availability, and send your...","Moonrocks/Snowcaps; #ZP Authentic Persy Awful Lotta Cough Syrup Snowballs; FUELPACKS; Telegram ordering","/products/zp-authentic-persy-awful-lotta-cough-syrup-snowballs","#ZP Authentic Persy Awful Lotta Cough Syrup Snowballs product image from FUELPACKS","FUELPACKS","zp-authentic-persy-awful-lotta-cough-syrup-snowballs","","","#ZP Authentic Persy Awful Lotta Cough Syrup Snowballs","14","gid://shopify/Product/10323232096552","zp-authentic-persy-awful-lotta-cough-syrup-snowballs","2026-06-23T05:49:04Z"
"#YQ Two Gram Whole Melts Phase 3 Disposables","yq-two-gram-whole-melts-phase-3-disposables-1","Carts","carts","14.5","Carts","0","active","https://cdn.shopify.com/s/files/1/0993/8236/2408/files/IMG_7973_f576d8e3-43d4-4676-99fa-0a4e317bf73f.jpg?v=1782193849","https://kypfpc-f5.myshopify.com/cdn/shop/videos/c/vp/9dd9ef08635e48cbaf80490926fbbf6f/9dd9ef08635e48cbaf80490926fbbf6f.HD-1080p-4.8Mbps-87187039.mp4","[""https://cdn.shopify.com/s/files/1/0993/8236/2408/files/IMG_7973_f576d8e3-43d4-4676-99fa-0a4e317bf73f.jpg?v=1782193849""]","[{""name"":""Default Title"",""price"":14.5,""inventory"":999}]","[""hsl(267, 30%, 18%)"",""hsl(267, 40%, 35%)"",""hsl(267, 50%, 60%)""]","*Anything Lower than 50 is Add On Only* #YQ Two Gram Whole Melts Phase 3 Disposables is available in the Carts catalog from FUELPACKS with live product images, video media when available, variant pricing, and a simple Telegram checkout handoff. This restored listing includes clean product details for shoppers comparing menu items, reviewing availability, choosing options, and sending prepared order details directly to the sales rep. Current variants include Default Title at $14.50. The page includes optimized metadata, descriptive image alt text, a clean slug, pricing information, and product copy built for search visibility.","#YQ Two Gram Whole Melts Phase 3 Disposables | FUELPACKS Carts","#YQ Two Gram Whole Melts Phase 3 Disposables from FUELPACKS Carts. View images, video, variants, price, availability, and send your prepared order...","Carts; #YQ Two Gram Whole Melts Phase 3 Disposables; FUELPACKS; Telegram ordering","/products/yq-two-gram-whole-melts-phase-3-disposables-1","#YQ Two Gram Whole Melts Phase 3 Disposables product image from FUELPACKS","FUELPACKS","yq-two-gram-whole-melts-phase-3-disposables-1","","","#YQ Two Gram Whole Melts Phase 3 Disposables","15","gid://shopify/Product/10323232424232","yq-two-gram-whole-melts-phase-3-disposables-1","2026-06-23T05:50:52Z"
"#ZU Dr. Zodiak's Moonrocks","zu-dr-zodiaks-moonrocks","Moonrocks/Snowcaps","moonrocks-snowcaps","70","Moonrocks/Snowcaps","0","active","https://cdn.shopify.com/s/files/1/0993/8236/2408/files/IMG_9498.jpg?v=1782194820","https://kypfpc-f5.myshopify.com/cdn/shop/videos/c/vp/b328be4c921144d8ba569544167e6089/b328be4c921144d8ba569544167e6089.HD-1080p-4.8Mbps-87188059.mp4","[""https://cdn.shopify.com/s/files/1/0993/8236/2408/files/IMG_9498.jpg?v=1782194820""]","[{""name"":""OZ"",""price"":70,""inventory"":999},{""name"":""QP"",""price"":275,""inventory"":999},{""name"":""HP"",""price"":500,""inventory"":999},{""name"":""P"",""price"":900,""inventory"":999}]","[""hsl(170, 30%, 18%)"",""hsl(170, 40%, 35%)"",""hsl(170, 50%, 60%)""]","*OUNCES ARE ADD ON ONLY* #ZU Dr. Zodiak's Moonrocks is available in the Moonrocks/Snowcaps catalog from FUELPACKS with live product images, video media when available, variant pricing, and a simple Telegram checkout handoff. This restored listing includes clean product details for shoppers comparing menu items, reviewing availability, choosing options, and sending prepared order details directly to the sales rep. Current variants include OZ at $70.00, QP at $275.00, HP at $500.00, P at $900.00. The page includes optimized metadata, descriptive image alt text, a clean slug, pricing information, and product copy built for search visibility.","#ZU Dr. Zodiak's Moonrocks | FUELPACKS Moonrocks/Snowcaps","#ZU Dr. Zodiak's Moonrocks from FUELPACKS Moonrocks/Snowcaps. View images, video, variants, price, availability, and send your prepared order through...","Moonrocks/Snowcaps; #ZU Dr. Zodiak's Moonrocks; FUELPACKS; Telegram ordering","/products/zu-dr-zodiaks-moonrocks","#ZU Dr. Zodiak's Moonrocks product image from FUELPACKS","FUELPACKS","zu-dr-zodiaks-moonrocks","","","#ZU Dr. Zodiak's Moonrocks","16","gid://shopify/Product/10323235373352","zu-dr-zodiaks-moonrocks","2026-06-23T06:07:35Z"
"#ZT Two Gram Pack Man World Cup Disposables","zt-two-gram-pack-man-world-cup-disposables","Carts","carts","14.5","Carts","0","active","https://cdn.shopify.com/s/files/1/0993/8236/2408/files/IMG_9500.jpg?v=1782194918","https://kypfpc-f5.myshopify.com/cdn/shop/videos/c/vp/6db7b5fc089c44a9a32cdfeac5c9bd8b/6db7b5fc089c44a9a32cdfeac5c9bd8b.HD-1080p-4.8Mbps-87188135.mp4","[""https://cdn.shopify.com/s/files/1/0993/8236/2408/files/IMG_9500.jpg?v=1782194918""]","[{""name"":""Default Title"",""price"":14.5,""inventory"":999}]","[""hsl(44, 30%, 18%)"",""hsl(44, 40%, 35%)"",""hsl(44, 50%, 60%)""]","*Anything Lower than 50 is Add On Only* #ZT Two Gram Pack Man World Cup Disposables is available in the Carts catalog from FUELPACKS with live product images, video media when available, variant pricing, and a simple Telegram checkout handoff. This restored listing includes clean product details for shoppers comparing menu items, reviewing availability, choosing options, and sending prepared order details directly to the sales rep. Current variants include Default Title at $14.50. The page includes optimized metadata, descriptive image alt text, a clean slug, pricing information, and product copy built for search visibility.","#ZT Two Gram Pack Man World Cup Disposables | FUELPACKS Carts","#ZT Two Gram Pack Man World Cup Disposables from FUELPACKS Carts. View images, video, variants, price, availability, and send your prepared order through...","Carts; #ZT Two Gram Pack Man World Cup Disposables; FUELPACKS; Telegram ordering","/products/zt-two-gram-pack-man-world-cup-disposables","#ZT Two Gram Pack Man World Cup Disposables product image from FUELPACKS","FUELPACKS","zt-two-gram-pack-man-world-cup-disposables","","","#ZT Two Gram Pack Man World Cup Disposables","17","gid://shopify/Product/10323235668264","zt-two-gram-pack-man-world-cup-disposables","2026-06-23T06:09:06Z"
"#ZV Two Gram Blinkers Flip Ice Cream Disposables","zv-two-gram-blinkers-flip-ice-cream-disposables","Carts","carts","14.5","Carts","0","active","https://cdn.shopify.com/s/files/1/0993/8236/2408/files/IMG_9502.jpg?v=1782195020","https://kypfpc-f5.myshopify.com/cdn/shop/videos/c/vp/2b3c3c5890fc4a238e796d45b45dc8c2/2b3c3c5890fc4a238e796d45b45dc8c2.HD-1080p-4.8Mbps-87188257.mp4","[""https://cdn.shopify.com/s/files/1/0993/8236/2408/files/IMG_9502.jpg?v=1782195020""]","[{""name"":""Default Title"",""price"":14.5,""inventory"":999}]","[""hsl(61, 30%, 18%)"",""hsl(61, 40%, 35%)"",""hsl(61, 50%, 60%)""]","*Anything Lower than 50 is Add On Only* #ZV Two Gram Blinkers Flip Ice Cream Disposables is available in the Carts catalog from FUELPACKS with live product images, video media when available, variant pricing, and a simple Telegram checkout handoff. This restored listing includes clean product details for shoppers comparing menu items, reviewing availability, choosing options, and sending prepared order details directly to the sales rep. Current variants include Default Title at $14.50. The page includes optimized metadata, descriptive image alt text, a clean slug, pricing information, and product copy built for search visibility.","#ZV Two Gram Blinkers Flip Ice Cream Disposables | FUELPACKS","#ZV Two Gram Blinkers Flip Ice Cream Disposables from FUELPACKS Carts. View images, video, variants, price, availability, and send your prepared order...","Carts; #ZV Two Gram Blinkers Flip Ice Cream Disposables; FUELPACKS; Telegram ordering","/products/zv-two-gram-blinkers-flip-ice-cream-disposables","#ZV Two Gram Blinkers Flip Ice Cream Disposables product image from FUELPACKS","FUELPACKS","zv-two-gram-blinkers-flip-ice-cream-disposables","","","#ZV Two Gram Blinkers Flip Ice Cream Disposables","18","gid://shopify/Product/10323235995944","zv-two-gram-blinkers-flip-ice-cream-disposables","2026-06-23T06:10:30Z"
"#ZD Authentic Whole Melts Live Resin Sugar Takeout Edition","zd-authentic-whole-melts-live-resin-sugar-takeout-edition","Concentrates","concentrates","90","Concentrates","0","active","https://cdn.shopify.com/s/files/1/0993/8236/2408/files/IMG_0102.jpg?v=1782195108","https://kypfpc-f5.myshopify.com/cdn/shop/videos/c/vp/c6c5db9a858e48c1ad8919747dc35109/c6c5db9a858e48c1ad8919747dc35109.HD-1080p-4.8Mbps-87188352.mp4","[""https://cdn.shopify.com/s/files/1/0993/8236/2408/files/IMG_0102.jpg?v=1782195108""]","[{""name"":""OZ"",""price"":90,""inventory"":999},{""name"":""QP"",""price"":350,""inventory"":999},{""name"":""HP"",""price"":650,""inventory"":999},{""name"":""P"",""price"":1200,""inventory"":999}]","[""hsl(203, 30%, 18%)"",""hsl(203, 40%, 35%)"",""hsl(203, 50%, 60%)""]","*Anything Lower than QP is Add On Only* #ZD Authentic Whole Melts Live Resin Sugar Takeout Edition is available in the Concentrates catalog from FUELPACKS with live product images, video media when available, variant pricing, and a simple Telegram checkout handoff. This restored listing includes clean product details for shoppers comparing menu items, reviewing availability, choosing options, and sending prepared order details directly to the sales rep. Current variants include OZ at $90.00, QP at $350.00, HP at $650.00, P at $1200.00. The page includes optimized metadata, descriptive image alt text, a clean slug, pricing information, and product copy built for search visibility.","#ZD Authentic Whole Melts Live Resin Sugar Takeout Edition |","#ZD Authentic Whole Melts Live Resin Sugar Takeout Edition from FUELPACKS Concentrates. View images, video, variants, price, availability, and send your...","Concentrates; #ZD Authentic Whole Melts Live Resin Sugar Takeout Edition; FUELPACKS; Telegram ordering","/products/zd-authentic-whole-melts-live-resin-sugar-takeout-edition","#ZD Authentic Whole Melts Live Resin Sugar Takeout Edition product image from FUELPACKS","FUELPACKS","zd-authentic-whole-melts-live-resin-sugar-takeout-edition","","","#ZD Authentic Whole Melts Live Resin Sugar Takeout Edition","19","gid://shopify/Product/10323236421928","zd-authentic-whole-melts-live-resin-sugar-takeout-edition","2026-06-23T06:12:30Z"
"#YO Authentic Whole Melts Live Resin Sugar Vending Machine Edition","yo-authentic-whole-melts-live-resin-sugar-vending-machine-edition","Concentrates","concentrates","90","Concentrates","0","active","https://cdn.shopify.com/s/files/1/0993/8236/2408/files/IMG_0349.jpg?v=1782462910","https://kypfpc-f5.myshopify.com/cdn/shop/videos/c/vp/a600f4fddeb44094ab6e5f14d06ee3b8/a600f4fddeb44094ab6e5f14d06ee3b8.HD-1080p-4.8Mbps-87471197.mp4","[""https://cdn.shopify.com/s/files/1/0993/8236/2408/files/IMG_0349.jpg?v=1782462910""]","[{""name"":""OZ"",""price"":90,""inventory"":999},{""name"":""QP"",""price"":350,""inventory"":999},{""name"":""HP"",""price"":650,""inventory"":999},{""name"":""P"",""price"":1200,""inventory"":999}]","[""hsl(279, 30%, 18%)"",""hsl(279, 40%, 35%)"",""hsl(279, 50%, 60%)""]","*Anything Lower than QP is Add On Only* The Candy Shop x Whole Melt Collab #YO Authentic Whole Melts Live Resin Sugar Vending Machine Edition is available in the Concentrates catalog from FUELPACKS with live product images, video media when available, variant pricing, and a simple Telegram checkout handoff. This restored listing includes clean product details for shoppers comparing menu items, reviewing availability, choosing options, and sending prepared order details directly to the sales rep. Current variants include OZ at $90.00, QP at $350.00, HP at $650.00, P at $1200.00. The page includes optimized metadata, descriptive image alt text, a clean slug, pricing information, and product copy built for search visibility.","#YO Authentic Whole Melts Live Resin Sugar Vending Machine","#YO Authentic Whole Melts Live Resin Sugar Vending Machine Edition from FUELPACKS Concentrates. View images, video, variants, price, availability, and...","Concentrates; #YO Authentic Whole Melts Live Resin Sugar Vending Machine Edition; FUELPACKS; Telegram ordering","/products/yo-authentic-whole-melts-live-resin-sugar-vending-machine-edition","#YO Authentic Whole Melts Live Resin Sugar Vending Machine Edition product image from FUELPACKS","FUELPACKS","yo-authentic-whole-melts-live-resin-sugar-vending-machine-edition","","","#YO Authentic Whole Melts Live Resin Sugar Vending Machine Edition","20","gid://shopify/Product/10326644883752","yo-authentic-whole-melts-live-resin-sugar-vending-machine-edition","2026-06-26T08:28:13Z"
"#YR Authentic Stellar Moonrocks","yr-authentic-stellar-moonrocks","Moonrocks/Snowcaps","moonrocks-snowcaps","75","Moonrocks/Snowcaps","0","active","https://cdn.shopify.com/s/files/1/0993/8236/2408/files/IMG_7198.jpg?v=1782757415","https://kypfpc-f5.myshopify.com/cdn/shop/videos/c/vp/1847eec805434d38841797a6b9e8e018/1847eec805434d38841797a6b9e8e018.HD-1080p-4.8Mbps-87695353.mp4","[""https://cdn.shopify.com/s/files/1/0993/8236/2408/files/IMG_7198.jpg?v=1782757415""]","[{""name"":""OZ"",""price"":75,""inventory"":999},{""name"":""QP"",""price"":290,""inventory"":999},{""name"":""HP"",""price"":535,""inventory"":999},{""name"":""P"",""price"":975,""inventory"":999}]","[""hsl(169, 30%, 18%)"",""hsl(169, 40%, 35%)"",""hsl(169, 50%, 60%)""]","*OUNCES ARE ADD ON ONLY* #YR Authentic Stellar Moonrocks is available in the Moonrocks/Snowcaps catalog from FUELPACKS with live product images, video media when available, variant pricing, and a simple Telegram checkout handoff. This restored listing includes clean product details for shoppers comparing menu items, reviewing availability, choosing options, and sending prepared order details directly to the sales rep. Current variants include OZ at $75.00, QP at $290.00, HP at $535.00, P at $975.00. The page includes optimized metadata, descriptive image alt text, a clean slug, pricing information, and product copy built for search visibility.","#YR Authentic Stellar Moonrocks | FUELPACKS Moonrocks/Snowcaps","#YR Authentic Stellar Moonrocks from FUELPACKS Moonrocks/Snowcaps. View images, video, variants, price, availability, and send your prepared order...","Moonrocks/Snowcaps; #YR Authentic Stellar Moonrocks; FUELPACKS; Telegram ordering","/products/yr-authentic-stellar-moonrocks","#YR Authentic Stellar Moonrocks product image from FUELPACKS","FUELPACKS","yr-authentic-stellar-moonrocks","","","#YR Authentic Stellar Moonrocks","21","gid://shopify/Product/10327719903528","yr-authentic-stellar-moonrocks","2026-06-29T18:23:56Z"
"#XX Acetone (Indoor)","xx-acetone-indoor","Special Deals","special-deals","20","Special Deals","0","active","https://cdn.shopify.com/s/files/1/0993/8236/2408/files/IMG_0571.jpg?v=1782980155","","[""https://cdn.shopify.com/s/files/1/0993/8236/2408/files/IMG_0571.jpg?v=1782980155""]","[{""name"":""8th"",""price"":20,""inventory"":999}]","[""hsl(8, 30%, 18%)"",""hsl(8, 40%, 35%)"",""hsl(8, 50%, 60%)""]","🍬PERSONAL SPECIAL🍬 10/10👃 Licensed Indoors BRED BY BACKPACK BOYZ🎒 Pungent Cherry Candy Nose *8THS ARE ADD ON ONLY* #XX Acetone (Indoor) is available in the Special Deals catalog from FUELPACKS with live product images, video media when available, variant pricing, and a simple Telegram checkout handoff. This restored listing includes clean product details for shoppers comparing menu items, reviewing availability, choosing options, and sending prepared order details directly to the sales rep. Current variants include 8th at $20.00. The page includes optimized metadata, descriptive image alt text, a clean slug, pricing information, and product copy built for search visibility.","#XX Acetone (Indoor) | FUELPACKS Special Deals","#XX Acetone (Indoor) from FUELPACKS Special Deals. View images, video, variants, price, availability, and send your prepared order through Telegram checkout.","Special Deals; #XX Acetone (Indoor); FUELPACKS; Telegram ordering","/products/xx-acetone-indoor","#XX Acetone (Indoor) product image from FUELPACKS","FUELPACKS","xx-acetone-indoor","","","#XX Acetone (Indoor)","22","gid://shopify/Product/10329844515112","xx-acetone-indoor","2026-07-02T08:16:07Z"
"#EL4 Penis Envy Mushrooms","el4-envy-mushrooms","Shrooms","shrooms","60","Shrooms","0","active","https://cdn.shopify.com/s/files/1/0993/8236/2408/files/IMG_1275.jpg?v=1783920707","https://kypfpc-f5.myshopify.com/cdn/shop/videos/c/vp/1186b6ebffeb40e5810b7df43d784e2e/1186b6ebffeb40e5810b7df43d784e2e.HD-1080p-4.8Mbps-88786962.mp4","[""https://cdn.shopify.com/s/files/1/0993/8236/2408/files/IMG_1275.jpg?v=1783920707""]","[{""name"":""Oz"",""price"":60,""inventory"":999},{""name"":""QP"",""price"":210,""inventory"":999},{""name"":""HP"",""price"":375,""inventory"":999},{""name"":""P"",""price"":650,""inventory"":999}]","[""hsl(42, 30%, 18%)"",""hsl(42, 40%, 35%)"",""hsl(42, 50%, 60%)""]","20/10👃 *OUNCES ARE ADD ONS ONLY* #EL4 Penis Envy Mushrooms is available in the Shrooms catalog from FUELPACKS with live product images, video media when available, variant pricing, and a simple Telegram checkout handoff. This restored listing includes clean product details for shoppers comparing menu items, reviewing availability, choosing options, and sending prepared order details directly to the sales rep. Current variants include Oz at $60.00, QP at $210.00, HP at $375.00, P at $650.00. The page includes optimized metadata, descriptive image alt text, a clean slug, pricing information, and product copy built for search visibility.","#EL4 Penis Envy Mushrooms | FUELPACKS Shrooms","#EL4 Penis Envy Mushrooms from FUELPACKS Shrooms. View images, video, variants, price, availability, and send your prepared order through Telegram checkout.","Shrooms; #EL4 Penis Envy Mushrooms; FUELPACKS; Telegram ordering","/products/el4-envy-mushrooms","#EL4 Penis Envy Mushrooms product image from FUELPACKS","FUELPACKS","el4-envy-mushrooms","","","#EL4 Penis Envy Mushrooms","23","gid://shopify/Product/10345886974248","el4-envy-mushrooms","2026-07-13T05:32:19Z"
"#CQ3 Halo Halo (AAA)","cq3-halo-halo-aaa","AAA","aaa","240","AAA","0","active","https://cdn.shopify.com/s/files/1/0993/8236/2408/files/IMG_1468.jpg?v=1784181444","https://kypfpc-f5.myshopify.com/cdn/shop/videos/c/vp/e315306787f34050bff4a3a6ac11dc63/e315306787f34050bff4a3a6ac11dc63.HD-1080p-4.8Mbps-89076454.mp4","[""https://cdn.shopify.com/s/files/1/0993/8236/2408/files/IMG_1468.jpg?v=1784181444""]","[{""name"":""QP"",""price"":240,""inventory"":999},{""name"":""HP"",""price"":435,""inventory"":999},{""name"":""P"",""price"":775,""inventory"":999}]","[""hsl(297, 30%, 18%)"",""hsl(297, 40%, 35%)"",""hsl(297, 50%, 60%)""]","8.5/10👃 Sweet Creamy ICC Nose Squishy Texture #CQ3 Halo Halo (AAA) is available in the AAA catalog from FUELPACKS with live product images, video media when available, variant pricing, and a simple Telegram checkout handoff. This restored listing includes clean product details for shoppers comparing menu items, reviewing availability, choosing options, and sending prepared order details directly to the sales rep. Current variants include QP at $240.00, HP at $435.00, P at $775.00. The page includes optimized metadata, descriptive image alt text, a clean slug, pricing information, and product copy built for search visibility.","#CQ3 Halo Halo (AAA) | FUELPACKS AAA","#CQ3 Halo Halo (AAA) from FUELPACKS AAA. View images, video, variants, price, availability, and send your prepared order through Telegram checkout.","AAA; #CQ3 Halo Halo (AAA); FUELPACKS; Telegram ordering","/products/cq3-halo-halo-aaa","#CQ3 Halo Halo (AAA) product image from FUELPACKS","FUELPACKS","cq3-halo-halo-aaa","","","#CQ3 Halo Halo (AAA)","24","gid://shopify/Product/10350145044776","cq3-halo-halo-aaa","2026-07-16T05:57:52Z"
"Project Z #2 Shmediums (Indoor)","project-z-2-shmediums-indoor","Special Deals","special-deals","265","Special Deals","0","active","https://cdn.shopify.com/s/files/1/0993/8236/2408/files/IMG_1635.jpg?v=1784447395","https://kypfpc-f5.myshopify.com/cdn/shop/videos/c/vp/4567dd93df934d8e85c27cc8bc639915/4567dd93df934d8e85c27cc8bc639915.HD-1080p-4.8Mbps-89315021.mp4","[""https://cdn.shopify.com/s/files/1/0993/8236/2408/files/IMG_1635.jpg?v=1784447395""]","[{""name"":""QP"",""price"":265,""inventory"":999},{""name"":""HP"",""price"":485,""inventory"":999},{""name"":""P"",""price"":875,""inventory"":999}]","[""hsl(185, 30%, 18%)"",""hsl(185, 40%, 35%)"",""hsl(185, 50%, 60%)""]","🤑 FAT COME UP DEAL 🤑 8.5/10👃 Licensed Shmediums Subtle Bubblegum Candy Nose Soft Squishy Texture Project Z #2 Shmediums (Indoor) is available in the Special Deals catalog from FUELPACKS with live product images, video media when available, variant pricing, and a simple Telegram checkout handoff. This restored listing includes clean product details for shoppers comparing menu items, reviewing availability, choosing options, and sending prepared order details directly to the sales rep. Current variants include QP at $265.00, HP at $485.00, P at $875.00. The page includes optimized metadata, descriptive image alt text, a clean slug, pricing information, and product copy built for search visibility.","Project Z #2 Shmediums (Indoor) | FUELPACKS Special Deals","Project Z #2 Shmediums (Indoor) from FUELPACKS Special Deals. View images, video, variants, price, availability, and send your prepared order through...","Special Deals; Project Z #2 Shmediums (Indoor); FUELPACKS; Telegram ordering","/products/project-z-2-shmediums-indoor","Project Z #2 Shmediums (Indoor) product image from FUELPACKS","FUELPACKS","project-z-2-shmediums-indoor","","","Project Z #2 Shmediums (Indoor)","25","gid://shopify/Product/10354283970856","project-z-2-shmediums-indoor","2026-07-19T07:50:18Z"
"#EM1 Pineapple Express (Deps)","em1-pineapple-express-deps","LIQUIDATION SALE","liquidation-sale","150","LIQUIDATION SALE","0","active","https://cdn.shopify.com/s/files/1/0993/8236/2408/files/IMG_0484.jpg?v=1784539794","https://kypfpc-f5.myshopify.com/cdn/shop/videos/c/vp/4a3c023ae0b1434aa6a9e943b464138b/4a3c023ae0b1434aa6a9e943b464138b.HD-1080p-4.8Mbps-89383738.mp4","[""https://cdn.shopify.com/s/files/1/0993/8236/2408/files/IMG_0484.jpg?v=1784539794""]","[{""name"":""QP"",""price"":150,""inventory"":999},{""name"":""HP"",""price"":250,""inventory"":999},{""name"":""P"",""price"":400,""inventory"":999}]","[""hsl(296, 30%, 18%)"",""hsl(296, 40%, 35%)"",""hsl(296, 50%, 60%)""]","💧 LIQUIDATION SALE 💧 8/10👃 $160/QP✈️ ➡️ $150/QP✈️ $275/HP✈️ ➡️ $250/HP✈️ $450/P✈️ ➡️ $400/P✈️ Creamy Earthy Pine Nose Fluffy Squishy Texture *NO ADDITIONAL DROPS* #EM1 Pineapple Express (Deps) is available in the LIQUIDATION SALE catalog from FUELPACKS with live product images, video media when available, variant pricing, and a simple Telegram checkout handoff. This restored listing includes clean product details for shoppers comparing menu items, reviewing availability, choosing options, and sending prepared order details directly to the sales rep. Current variants include QP at $150.00, HP at $250.00, P at $400.00. The page includes optimized metadata, descriptive image alt text, a clean slug, pricing information, and product copy built for search visibility.","#EM1 Pineapple Express (Deps) | FUELPACKS LIQUIDATION SALE","#EM1 Pineapple Express (Deps) from FUELPACKS LIQUIDATION SALE. View images, video, variants, price, availability, and send your prepared order through...","LIQUIDATION SALE; #EM1 Pineapple Express (Deps); FUELPACKS; Telegram ordering","/products/em1-pineapple-express-deps","#EM1 Pineapple Express (Deps) product image from FUELPACKS","FUELPACKS","em1-pineapple-express-deps","","","#EM1 Pineapple Express (Deps)","26","gid://shopify/Product/10355416695080","em1-pineapple-express-deps","2026-07-20T09:30:14Z"
"#ZN Two Gram Muha Meds x Cookies Disposables","zn-two-gram-muha-meds-x-cookies-disposables","Carts","carts","14.5","Carts","0","active","https://cdn.shopify.com/s/files/1/0993/8236/2408/files/IMG_1679.jpg?v=1784539869","https://kypfpc-f5.myshopify.com/cdn/shop/videos/c/vp/d02470373247433c930b043762ff8ed5/d02470373247433c930b043762ff8ed5.HD-1080p-4.8Mbps-89383835.mp4","[""https://cdn.shopify.com/s/files/1/0993/8236/2408/files/IMG_1679.jpg?v=1784539869""]","[{""name"":""Default Title"",""price"":14.5,""inventory"":999}]","[""hsl(90, 30%, 18%)"",""hsl(90, 40%, 35%)"",""hsl(90, 50%, 60%)""]","*Anything Lower than 50 is Add On Only* #ZN Two Gram Muha Meds x Cookies Disposables is available in the Carts catalog from FUELPACKS with live product images, video media when available, variant pricing, and a simple Telegram checkout handoff. This restored listing includes clean product details for shoppers comparing menu items, reviewing availability, choosing options, and sending prepared order details directly to the sales rep. Current variants include Default Title at $14.50. The page includes optimized metadata, descriptive image alt text, a clean slug, pricing information, and product copy built for search visibility.","#ZN Two Gram Muha Meds x Cookies Disposables | FUELPACKS Carts","#ZN Two Gram Muha Meds x Cookies Disposables from FUELPACKS Carts. View images, video, variants, price, availability, and send your prepared order...","Carts; #ZN Two Gram Muha Meds x Cookies Disposables; FUELPACKS; Telegram ordering","/products/zn-two-gram-muha-meds-x-cookies-disposables","#ZN Two Gram Muha Meds x Cookies Disposables product image from FUELPACKS","FUELPACKS","zn-two-gram-muha-meds-x-cookies-disposables","","","#ZN Two Gram Muha Meds x Cookies Disposables","27","gid://shopify/Product/10355417088296","zn-two-gram-muha-meds-x-cookies-disposables","2026-07-20T09:31:30Z"
"#FU4 Zour Caviar Mediums (Indoor) (Mediums)","fu4-zour-caviar-mediums-indoor-mediums","Special Deals","special-deals","285","Special Deals","0","active","https://cdn.shopify.com/s/files/1/0993/8236/2408/files/IMG_1687.jpg?v=1784540184","https://kypfpc-f5.myshopify.com/cdn/shop/videos/c/vp/058ff0b90095440796476929dfc75b2b/058ff0b90095440796476929dfc75b2b.HD-1080p-4.8Mbps-89384382.mp4","[""https://cdn.shopify.com/s/files/1/0993/8236/2408/files/IMG_1687.jpg?v=1784540184""]","[{""name"":""QP"",""price"":285,""inventory"":999},{""name"":""HP"",""price"":525,""inventory"":999},{""name"":""P"",""price"":950,""inventory"":999}]","[""hsl(51, 30%, 18%)"",""hsl(51, 40%, 35%)"",""hsl(51, 50%, 60%)""]","🤑 FAT COME UP DEAL 🤑 8.5/10👃 Licensed Mediums Lemon Cherry Candy Nose Soft Squishy Texture #FU4 Zour Caviar Mediums (Indoor) (Mediums) is available in the Special Deals catalog from FUELPACKS with live product images, video media when available, variant pricing, and a simple Telegram checkout handoff. This restored listing includes clean product details for shoppers comparing menu items, reviewing availability, choosing options, and sending prepared order details directly to the sales rep. Current variants include QP at $285.00, HP at $525.00, P at $950.00. The page includes optimized metadata, descriptive image alt text, a clean slug, pricing information, and product copy built for search visibility.","#FU4 Zour Caviar Mediums (Indoor) (Mediums) | FUELPACKS Special","#FU4 Zour Caviar Mediums (Indoor) (Mediums) from FUELPACKS Special Deals. View images, video, variants, price, availability, and send your prepared order...","Special Deals; #FU4 Zour Caviar Mediums (Indoor) (Mediums); FUELPACKS; Telegram ordering","/products/fu4-zour-caviar-mediums-indoor-mediums","#FU4 Zour Caviar Mediums (Indoor) (Mediums) product image from FUELPACKS","FUELPACKS","fu4-zour-caviar-mediums-indoor-mediums","","","#FU4 Zour Caviar Mediums (Indoor) (Mediums)","28","gid://shopify/Product/10355418726696","fu4-zour-caviar-mediums-indoor-mediums","2026-07-20T09:37:09Z"
"#XX2 Limelight (Indoor)","xx2-limelight-indoor","Special Deals","special-deals","20","Special Deals","0","active","https://cdn.shopify.com/s/files/1/0993/8236/2408/files/IMG_1691.jpg?v=1784540354","https://kypfpc-f5.myshopify.com/cdn/shop/videos/c/vp/e9c421e693684ad8bb3f040d3dcec13d/e9c421e693684ad8bb3f040d3dcec13d.HD-1080p-4.8Mbps-89384557.mp4","[""https://cdn.shopify.com/s/files/1/0993/8236/2408/files/IMG_1691.jpg?v=1784540354""]","[{""name"":""8th"",""price"":20,""inventory"":999}]","[""hsl(234, 30%, 18%)"",""hsl(234, 40%, 35%)"",""hsl(234, 50%, 60%)""]","🍬PERSONAL SPECIAL🍬 9.5/10👃 $20/8th✈️ Licensed Indoors BRED BY WIZARD TREES🧙♂️ Sweet Lemon Candy Nose *8THS ARE ADD ON ONLY* #XX2 Limelight (Indoor) is available in the Special Deals catalog from FUELPACKS with live product images, video media when available, variant pricing, and a simple Telegram checkout handoff. This restored listing includes clean product details for shoppers comparing menu items, reviewing availability, choosing options, and sending prepared order details directly to the sales rep. Current variants include 8th at $20.00. The page includes optimized metadata, descriptive image alt text, a clean slug, pricing information, and product copy built for search visibility.","#XX2 Limelight (Indoor) | FUELPACKS Special Deals","#XX2 Limelight (Indoor) from FUELPACKS Special Deals. View images, video, variants, price, availability, and send your prepared order through Telegram checkout.","Special Deals; #XX2 Limelight (Indoor); FUELPACKS; Telegram ordering","/products/xx2-limelight-indoor","#XX2 Limelight (Indoor) product image from FUELPACKS","FUELPACKS","xx2-limelight-indoor","","","#XX2 Limelight (Indoor)","29","gid://shopify/Product/10355420856616","xx2-limelight-indoor","2026-07-20T09:39:38Z"
"#AD1 Smarties (AAA)","ad1-smarties-aaa","AAA","aaa","235","AAA","0","active","https://cdn.shopify.com/s/files/1/0993/8236/2408/files/IMG_1723.jpg?v=1784620657","https://kypfpc-f5.myshopify.com/cdn/shop/videos/c/vp/ccb31589edc54f8fb6af36bc8abfa047/ccb31589edc54f8fb6af36bc8abfa047.HD-1080p-4.8Mbps-89476425.mp4","[""https://cdn.shopify.com/s/files/1/0993/8236/2408/files/IMG_1723.jpg?v=1784620657""]","[{""name"":""QP"",""price"":235,""inventory"":999},{""name"":""HP"",""price"":420,""inventory"":999},{""name"":""P"",""price"":740,""inventory"":999}]","[""hsl(121, 30%, 18%)"",""hsl(121, 40%, 35%)"",""hsl(121, 50%, 60%)""]","9/10👃 Gassy Bubblegum Candy Nose Squishy Texture #AD1 Smarties (AAA) is available in the AAA catalog from FUELPACKS with live product images, video media when available, variant pricing, and a simple Telegram checkout handoff. This restored listing includes clean product details for shoppers comparing menu items, reviewing availability, choosing options, and sending prepared order details directly to the sales rep. Current variants include QP at $235.00, HP at $420.00, P at $740.00. The page includes optimized metadata, descriptive image alt text, a clean slug, pricing information, and product copy built for search visibility.","#AD1 Smarties (AAA) | FUELPACKS AAA","#AD1 Smarties (AAA) from FUELPACKS AAA. View images, video, variants, price, availability, and send your prepared order through Telegram checkout.","AAA; #AD1 Smarties (AAA); FUELPACKS; Telegram ordering","/products/ad1-smarties-aaa","#AD1 Smarties (AAA) product image from FUELPACKS","FUELPACKS","ad1-smarties-aaa","","","#AD1 Smarties (AAA)","30","gid://shopify/Product/10356270596392","ad1-smarties-aaa","2026-07-21T07:57:51Z"
"#BH2 Plan B (Deps)","bh2-plan-b-deps","Deps","deps","205","Deps","0","active","https://cdn.shopify.com/s/files/1/0993/8236/2408/files/IMG_0586.jpg?v=1784620705","https://kypfpc-f5.myshopify.com/cdn/shop/videos/c/vp/84c77b2a9066474aaffc88d18ddaef60/84c77b2a9066474aaffc88d18ddaef60.HD-1080p-4.8Mbps-89476475.mp4","[""https://cdn.shopify.com/s/files/1/0993/8236/2408/files/IMG_0586.jpg?v=1784620705""]","[{""name"":""QP"",""price"":205,""inventory"":999},{""name"":""HP"",""price"":360,""inventory"":999},{""name"":""P"",""price"":625,""inventory"":999}]","[""hsl(162, 30%, 18%)"",""hsl(162, 40%, 35%)"",""hsl(162, 50%, 60%)""]","8/10👃 Pungent Gassy Lemon Nose Dense Squishy Texture #BH2 Plan B (Deps) is available in the Deps catalog from FUELPACKS with live product images, video media when available, variant pricing, and a simple Telegram checkout handoff. This restored listing includes clean product details for shoppers comparing menu items, reviewing availability, choosing options, and sending prepared order details directly to the sales rep. Current variants include QP at $205.00, HP at $360.00, P at $625.00. The page includes optimized metadata, descriptive image alt text, a clean slug, pricing information, and product copy built for search visibility.","#BH2 Plan B (Deps) | FUELPACKS Deps","#BH2 Plan B (Deps) from FUELPACKS Deps. View images, video, variants, price, availability, and send your prepared order through Telegram checkout.","Deps; #BH2 Plan B (Deps); FUELPACKS; Telegram ordering","/products/bh2-plan-b-deps","#BH2 Plan B (Deps) product image from FUELPACKS","FUELPACKS","bh2-plan-b-deps","","","#BH2 Plan B (Deps)","31","gid://shopify/Product/10356270793000","bh2-plan-b-deps","2026-07-21T07:58:49Z"
"#CM1 Zmokers Club (Indoor) (Zaza)","cm1-zmokers-club-indoor-zaza","Exotic","exotic","385","Exotic","0","active","https://cdn.shopify.com/s/files/1/0993/8236/2408/files/IMG_1727.jpg?v=1784620780","https://kypfpc-f5.myshopify.com/cdn/shop/videos/c/vp/63f4f16326ec487cbfb28307686a18ad/63f4f16326ec487cbfb28307686a18ad.HD-1080p-4.8Mbps-89476624.mp4","[""https://cdn.shopify.com/s/files/1/0993/8236/2408/files/IMG_1727.jpg?v=1784620780""]","[{""name"":""QP"",""price"":385,""inventory"":999},{""name"":""HP"",""price"":725,""inventory"":999},{""name"":""P"",""price"":1350,""inventory"":999}]","[""hsl(149, 30%, 18%)"",""hsl(149, 40%, 35%)"",""hsl(149, 50%, 60%)""]","10/10👃 Licensed Indoors BRED BY FIYA FARMER🔥 Sweet Bubblegum Candy Nose Squishy Texture #CM1 Zmokers Club (Indoor) (Zaza) is available in the Exotic catalog from FUELPACKS with live product images, video media when available, variant pricing, and a simple Telegram checkout handoff. This restored listing includes clean product details for shoppers comparing menu items, reviewing availability, choosing options, and sending prepared order details directly to the sales rep. Current variants include QP at $385.00, HP at $725.00, P at $1350.00. The page includes optimized metadata, descriptive image alt text, a clean slug, pricing information, and product copy built for search visibility.","#CM1 Zmokers Club (Indoor) (Zaza) | FUELPACKS Exotic","#CM1 Zmokers Club (Indoor) (Zaza) from FUELPACKS Exotic. View images, video, variants, price, availability, and send your prepared order through Telegram...","Exotic; #CM1 Zmokers Club (Indoor) (Zaza); FUELPACKS; Telegram ordering","/products/cm1-zmokers-club-indoor-zaza","#CM1 Zmokers Club (Indoor) (Zaza) product image from FUELPACKS","FUELPACKS","cm1-zmokers-club-indoor-zaza","","","#CM1 Zmokers Club (Indoor) (Zaza)","32","gid://shopify/Product/10356270891304","cm1-zmokers-club-indoor-zaza","2026-07-21T08:00:00Z"
"#AA4 Red Lemons Mediums (Indoor) (Mediums)","aa4-red-lemons-mediums-indoor-mediums","Special Deals","special-deals","290","Special Deals","0","active","https://cdn.shopify.com/s/files/1/0993/8236/2408/files/IMG_1737.jpg?v=1784621256","https://kypfpc-f5.myshopify.com/cdn/shop/videos/c/vp/9dd3e2962f5349118c82a1ecdec8a3a1/9dd3e2962f5349118c82a1ecdec8a3a1.HD-1080p-4.8Mbps-89477301.mp4","[""https://cdn.shopify.com/s/files/1/0993/8236/2408/files/IMG_1737.jpg?v=1784621256""]","[{""name"":""QP"",""price"":290,""inventory"":999},{""name"":""HP"",""price"":535,""inventory"":999},{""name"":""P"",""price"":975,""inventory"":999}]","[""hsl(339, 30%, 18%)"",""hsl(339, 40%, 35%)"",""hsl(339, 50%, 60%)""]","🤑 FAT COME UP DEAL 🤑 9/10👃 Licensed Mediums Pungent Lemon Candy Nose Soft Squishy Texture #AA4 Red Lemons Mediums (Indoor) (Mediums) is available in the Special Deals catalog from FUELPACKS with live product images, video media when available, variant pricing, and a simple Telegram checkout handoff. This restored listing includes clean product details for shoppers comparing menu items, reviewing availability, choosing options, and sending prepared order details directly to the sales rep. Current variants include QP at $290.00, HP at $535.00, P at $975.00. The page includes optimized metadata, descriptive image alt text, a clean slug, pricing information, and product copy built for search visibility.","#AA4 Red Lemons Mediums (Indoor) (Mediums) | FUELPACKS Special","#AA4 Red Lemons Mediums (Indoor) (Mediums) from FUELPACKS Special Deals. View images, video, variants, price, availability, and send your prepared order...","Special Deals; #AA4 Red Lemons Mediums (Indoor) (Mediums); FUELPACKS; Telegram ordering","/products/aa4-red-lemons-mediums-indoor-mediums","#AA4 Red Lemons Mediums (Indoor) (Mediums) product image from FUELPACKS","FUELPACKS","aa4-red-lemons-mediums-indoor-mediums","","","#AA4 Red Lemons Mediums (Indoor) (Mediums)","33","gid://shopify/Product/10356272824616","aa4-red-lemons-mediums-indoor-mediums","2026-07-21T08:07:56Z"
"#AH3 Yellow Birkinz (Indoor)","ah3-yellow-birkinz-indoor","Indoor","indoor","340","Indoor","0","active","https://cdn.shopify.com/s/files/1/0993/8236/2408/files/IMG_1773.jpg?v=1784795236","https://kypfpc-f5.myshopify.com/cdn/shop/videos/c/vp/93895a87e90242689d4a7e00e16954c1/93895a87e90242689d4a7e00e16954c1.HD-1080p-4.8Mbps-89679459.mp4","[""https://cdn.shopify.com/s/files/1/0993/8236/2408/files/IMG_1773.jpg?v=1784795236""]","[{""name"":""QP"",""price"":340,""inventory"":999},{""name"":""HP"",""price"":635,""inventory"":999},{""name"":""P"",""price"":1175,""inventory"":999}]","[""hsl(243, 30%, 18%)"",""hsl(243, 40%, 35%)"",""hsl(243, 50%, 60%)""]","9.5/10👃 Licensed Indoors Pungent Lemon Candy Nose Squishy Texture #AH3 Yellow Birkinz (Indoor) is available in the Indoor catalog from FUELPACKS with live product images, video media when available, variant pricing, and a simple Telegram checkout handoff. This restored listing includes clean product details for shoppers comparing menu items, reviewing availability, choosing options, and sending prepared order details directly to the sales rep. Current variants include QP at $340.00, HP at $635.00, P at $1175.00. The page includes optimized metadata, descriptive image alt text, a clean slug, pricing information, and product copy built for search visibility.","#AH3 Yellow Birkinz (Indoor) | FUELPACKS Indoor","#AH3 Yellow Birkinz (Indoor) from FUELPACKS Indoor. View images, video, variants, price, availability, and send your prepared order through Telegram checkout.","Indoor; #AH3 Yellow Birkinz (Indoor); FUELPACKS; Telegram ordering","/products/ah3-yellow-birkinz-indoor","#AH3 Yellow Birkinz (Indoor) product image from FUELPACKS","FUELPACKS","ah3-yellow-birkinz-indoor","","","#AH3 Yellow Birkinz (Indoor)","34","gid://shopify/Product/10358362997032","ah3-yellow-birkinz-indoor","2026-07-23T08:27:21Z"
"#AJ3 Nerdz Clusters (Indoor)","aj3-nerdz-clusters-indoor","Indoor","indoor","310","Indoor","0","active","https://cdn.shopify.com/s/files/1/0993/8236/2408/files/IMG_1779.jpg?v=1784795426","https://kypfpc-f5.myshopify.com/cdn/shop/videos/c/vp/ac2d3464da394b59bfd1b85bdf6a29ba/ac2d3464da394b59bfd1b85bdf6a29ba.HD-1080p-4.8Mbps-89679666.mp4","[""https://cdn.shopify.com/s/files/1/0993/8236/2408/files/IMG_1779.jpg?v=1784795426""]","[{""name"":""QP"",""price"":310,""inventory"":999},{""name"":""HP"",""price"":575,""inventory"":999},{""name"":""P"",""price"":1075,""inventory"":999}]","[""hsl(128, 30%, 18%)"",""hsl(128, 40%, 35%)"",""hsl(128, 50%, 60%)""]","9/10👃 Licensed Indoors Pungent Lemon Candy Nose Soft Squishy Texture #AJ3 Nerdz Clusters (Indoor) is available in the Indoor catalog from FUELPACKS with live product images, video media when available, variant pricing, and a simple Telegram checkout handoff. This restored listing includes clean product details for shoppers comparing menu items, reviewing availability, choosing options, and sending prepared order details directly to the sales rep. Current variants include QP at $310.00, HP at $575.00, P at $1075.00. The page includes optimized metadata, descriptive image alt text, a clean slug, pricing information, and product copy built for search visibility.","#AJ3 Nerdz Clusters (Indoor) | FUELPACKS Indoor","#AJ3 Nerdz Clusters (Indoor) from FUELPACKS Indoor. View images, video, variants, price, availability, and send your prepared order through Telegram checkout.","Indoor; #AJ3 Nerdz Clusters (Indoor); FUELPACKS; Telegram ordering","/products/aj3-nerdz-clusters-indoor","#AJ3 Nerdz Clusters (Indoor) product image from FUELPACKS","FUELPACKS","aj3-nerdz-clusters-indoor","","","#AJ3 Nerdz Clusters (Indoor)","35","gid://shopify/Product/10358371811624","aj3-nerdz-clusters-indoor","2026-07-23T08:30:33Z"
"#BG1 Zoowah (Indoor)","bg1-zoowah-indoor","Indoor","indoor","330","Indoor","0","active","https://cdn.shopify.com/s/files/1/0993/8236/2408/files/IMG_1781.jpg?v=1784795551","https://kypfpc-f5.myshopify.com/cdn/shop/videos/c/vp/b67a1871b4c74ecdab8b0bc4811ef062/b67a1871b4c74ecdab8b0bc4811ef062.HD-1080p-4.8Mbps-89679742.mp4","[""https://cdn.shopify.com/s/files/1/0993/8236/2408/files/IMG_1781.jpg?v=1784795551""]","[{""name"":""QP"",""price"":330,""inventory"":999},{""name"":""HP"",""price"":610,""inventory"":999},{""name"":""P"",""price"":1125,""inventory"":999}]","[""hsl(267, 30%, 18%)"",""hsl(267, 40%, 35%)"",""hsl(267, 50%, 60%)""]","9.5/10👃 Licensed Indoors Lemon Cherry Candy Nose Squishy Texture #BG1 Zoowah (Indoor) is available in the Indoor catalog from FUELPACKS with live product images, video media when available, variant pricing, and a simple Telegram checkout handoff. This restored listing includes clean product details for shoppers comparing menu items, reviewing availability, choosing options, and sending prepared order details directly to the sales rep. Current variants include QP at $330.00, HP at $610.00, P at $1125.00. The page includes optimized metadata, descriptive image alt text, a clean slug, pricing information, and product copy built for search visibility.","#BG1 Zoowah (Indoor) | FUELPACKS Indoor","#BG1 Zoowah (Indoor) from FUELPACKS Indoor. View images, video, variants, price, availability, and send your prepared order through Telegram checkout.","Indoor; #BG1 Zoowah (Indoor); FUELPACKS; Telegram ordering","/products/bg1-zoowah-indoor","#BG1 Zoowah (Indoor) product image from FUELPACKS","FUELPACKS","bg1-zoowah-indoor","","","#BG1 Zoowah (Indoor)","36","gid://shopify/Product/10358377382184","bg1-zoowah-indoor","2026-07-23T08:32:36Z"
"#BB4 Cherry Warheads (Indoor)","bb4-cherry-warheads-indoor","Indoor","indoor","310","Indoor","0","active","https://cdn.shopify.com/s/files/1/0993/8236/2408/files/IMG_1783.jpg?v=1784795628","https://kypfpc-f5.myshopify.com/cdn/shop/videos/c/vp/2170ed498f8c4b6a9e19c887b9f1b1c9/2170ed498f8c4b6a9e19c887b9f1b1c9.HD-1080p-4.8Mbps-89679934.mp4","[""https://cdn.shopify.com/s/files/1/0993/8236/2408/files/IMG_1783.jpg?v=1784795628""]","[{""name"":""QP"",""price"":310,""inventory"":999},{""name"":""HP"",""price"":575,""inventory"":999},{""name"":""P"",""price"":1075,""inventory"":999}]","[""hsl(258, 30%, 18%)"",""hsl(258, 40%, 35%)"",""hsl(258, 50%, 60%)""]","9.5/10👃 Licensed Indoors Gassy Cherry Candy Nose Soft Squishy Texture #BB4 Cherry Warheads (Indoor) is available in the Indoor catalog from FUELPACKS with live product images, video media when available, variant pricing, and a simple Telegram checkout handoff. This restored listing includes clean product details for shoppers comparing menu items, reviewing availability, choosing options, and sending prepared order details directly to the sales rep. Current variants include QP at $310.00, HP at $575.00, P at $1075.00. The page includes optimized metadata, descriptive image alt text, a clean slug, pricing information, and product copy built for search visibility.","#BB4 Cherry Warheads (Indoor) | FUELPACKS Indoor","#BB4 Cherry Warheads (Indoor) from FUELPACKS Indoor. View images, video, variants, price, availability, and send your prepared order through Telegram checkout.","Indoor; #BB4 Cherry Warheads (Indoor); FUELPACKS; Telegram ordering","/products/bb4-cherry-warheads-indoor","#BB4 Cherry Warheads (Indoor) product image from FUELPACKS","FUELPACKS","bb4-cherry-warheads-indoor","","","#BB4 Cherry Warheads (Indoor)","37","gid://shopify/Product/10358381248808","bb4-cherry-warheads-indoor","2026-07-23T08:33:57Z"
"#CR4 Zours (Indoor)","cr4-zours-indoor","Indoor","indoor","325","Indoor","0","active","https://cdn.shopify.com/s/files/1/0993/8236/2408/files/IMG_1797.jpg?v=1784887876","https://kypfpc-f5.myshopify.com/cdn/shop/videos/c/vp/2033e9c956a844ee80d62be27e231451/2033e9c956a844ee80d62be27e231451.HD-1080p-4.8Mbps-89790947.mp4","[""https://cdn.shopify.com/s/files/1/0993/8236/2408/files/IMG_1797.jpg?v=1784887876""]","[{""name"":""QP"",""price"":325,""inventory"":999},{""name"":""HP"",""price"":600,""inventory"":999},{""name"":""P"",""price"":1100,""inventory"":999}]","[""hsl(167, 30%, 18%)"",""hsl(167, 40%, 35%)"",""hsl(167, 50%, 60%)""]","9.5/10👃 Candy Gelato Zkittles Nose Soft Squishy Texture #CR4 Zours (Indoor) is available in the Indoor catalog from FUELPACKS with live product images, video media when available, variant pricing, and a simple Telegram checkout handoff. This restored listing includes clean product details for shoppers comparing menu items, reviewing availability, choosing options, and sending prepared order details directly to the sales rep. Current variants include QP at $325.00, HP at $600.00, P at $1100.00. The page includes optimized metadata, descriptive image alt text, a clean slug, pricing information, and product copy built for search visibility.","#CR4 Zours (Indoor) | FUELPACKS Indoor","#CR4 Zours (Indoor) from FUELPACKS Indoor. View images, video, variants, price, availability, and send your prepared order through Telegram checkout.","Indoor; #CR4 Zours (Indoor); FUELPACKS; Telegram ordering","/products/cr4-zours-indoor","#CR4 Zours (Indoor) product image from FUELPACKS","FUELPACKS","cr4-zours-indoor","","","#CR4 Zours (Indoor)","38","gid://shopify/Product/10359343350056","cr4-zours-indoor","2026-07-24T10:11:34Z"
"#DZ1 Apples & Bananas (Indoor)","dz1-apples-bananas-indoor","Indoor","indoor","300","Indoor","0","active","https://cdn.shopify.com/s/files/1/0993/8236/2408/files/IMG_1799.jpg?v=1784887987","https://kypfpc-f5.myshopify.com/cdn/shop/videos/c/vp/413d653c578b42dbbbb21bd8b9c1c302/413d653c578b42dbbbb21bd8b9c1c302.HD-1080p-4.8Mbps-89791156.mp4","[""https://cdn.shopify.com/s/files/1/0993/8236/2408/files/IMG_1799.jpg?v=1784887987""]","[{""name"":""QP"",""price"":300,""inventory"":999},{""name"":""HP"",""price"":550,""inventory"":999},{""name"":""P"",""price"":1000,""inventory"":999}]","[""hsl(180, 30%, 18%)"",""hsl(180, 40%, 35%)"",""hsl(180, 50%, 60%)""]","9.5/10👃 Licensed Indoors Sweet Apple Fritter Nose Squishy Texture #DZ1 Apples & Bananas (Indoor) is available in the Indoor catalog from FUELPACKS with live product images, video media when available, variant pricing, and a simple Telegram checkout handoff. This restored listing includes clean product details for shoppers comparing menu items, reviewing availability, choosing options, and sending prepared order details directly to the sales rep. Current variants include QP at $300.00, HP at $550.00, P at $1000.00. The page includes optimized metadata, descriptive image alt text, a clean slug, pricing information, and product copy built for search visibility.","#DZ1 Apples & Bananas (Indoor) | FUELPACKS Indoor","#DZ1 Apples & Bananas (Indoor) from FUELPACKS Indoor. View images, video, variants, price, availability, and send your prepared order through Telegram checkout.","Indoor; #DZ1 Apples & Bananas (Indoor); FUELPACKS; Telegram ordering","/products/dz1-apples-bananas-indoor","#DZ1 Apples & Bananas (Indoor) product image from FUELPACKS","FUELPACKS","dz1-apples-bananas-indoor","","","#DZ1 Apples & Bananas (Indoor)","39","gid://shopify/Product/10359346397480","dz1-apples-bananas-indoor","2026-07-24T10:13:24Z"
"#AO2 Mile High Club (AAA)","ao2-mile-high-club-aaa","AAA","aaa","230","AAA","0","active","https://cdn.shopify.com/s/files/1/0993/8236/2408/files/IMG_1803.jpg?v=1784888223","https://kypfpc-f5.myshopify.com/cdn/shop/videos/c/vp/94dac18c24624a8a81fccd1d41f62a67/94dac18c24624a8a81fccd1d41f62a67.HD-1080p-4.8Mbps-89791450.mp4","[""https://cdn.shopify.com/s/files/1/0993/8236/2408/files/IMG_1803.jpg?v=1784888223""]","[{""name"":""QP"",""price"":230,""inventory"":999},{""name"":""HP"",""price"":410,""inventory"":999},{""name"":""P"",""price"":725,""inventory"":999}]","[""hsl(262, 30%, 18%)"",""hsl(262, 40%, 35%)"",""hsl(262, 50%, 60%)""]","8.5/10👃 Sweet Gassy Gelato Nose Dense Squishy Texture #AO2 Mile High Club (AAA) is available in the AAA catalog from FUELPACKS with live product images, video media when available, variant pricing, and a simple Telegram checkout handoff. This restored listing includes clean product details for shoppers comparing menu items, reviewing availability, choosing options, and sending prepared order details directly to the sales rep. Current variants include QP at $230.00, HP at $410.00, P at $725.00. The page includes optimized metadata, descriptive image alt text, a clean slug, pricing information, and product copy built for search visibility.","#AO2 Mile High Club (AAA) | FUELPACKS AAA","#AO2 Mile High Club (AAA) from FUELPACKS AAA. View images, video, variants, price, availability, and send your prepared order through Telegram checkout.","AAA; #AO2 Mile High Club (AAA); FUELPACKS; Telegram ordering","/products/ao2-mile-high-club-aaa","#AO2 Mile High Club (AAA) product image from FUELPACKS","FUELPACKS","ao2-mile-high-club-aaa","","","#AO2 Mile High Club (AAA)","40","gid://shopify/Product/10359352295720","ao2-mile-high-club-aaa","2026-07-24T10:17:21Z"
"#AP2 Lemonlatti (AAA)","ap2-lemonlatti-aaa","AAA","aaa","230","AAA","0","active","https://cdn.shopify.com/s/files/1/0993/8236/2408/files/IMG_1813.jpg?v=1785086587","https://kypfpc-f5.myshopify.com/cdn/shop/videos/c/vp/88542648d0cf41848d45e7ce2c593001/88542648d0cf41848d45e7ce2c593001.HD-1080p-4.8Mbps-89944614.mp4","[""https://cdn.shopify.com/s/files/1/0993/8236/2408/files/IMG_1813.jpg?v=1785086587""]","[{""name"":""QP"",""price"":230,""inventory"":999},{""name"":""HP"",""price"":410,""inventory"":999},{""name"":""P"",""price"":725,""inventory"":999}]","[""hsl(159, 30%, 18%)"",""hsl(159, 40%, 35%)"",""hsl(159, 50%, 60%)""]","9/10👃 Lemon Cherry Candy Nose Dense Squishy Texture #AP2 Lemonlatti (AAA) is available in the AAA catalog from FUELPACKS with live product images, video media when available, variant pricing, and a simple Telegram checkout handoff. This restored listing includes clean product details for shoppers comparing menu items, reviewing availability, choosing options, and sending prepared order details directly to the sales rep. Current variants include QP at $230.00, HP at $410.00, P at $725.00. The page includes optimized metadata, descriptive image alt text, a clean slug, pricing information, and product copy built for search visibility.","#AP2 Lemonlatti (AAA) | FUELPACKS AAA","#AP2 Lemonlatti (AAA) from FUELPACKS AAA. View images, video, variants, price, availability, and send your prepared order through Telegram checkout.","AAA; #AP2 Lemonlatti (AAA); FUELPACKS; Telegram ordering","/products/ap2-lemonlatti-aaa","#AP2 Lemonlatti (AAA) product image from FUELPACKS","FUELPACKS","ap2-lemonlatti-aaa","","","#AP2 Lemonlatti (AAA)","41","gid://shopify/Product/10361869926696","ap2-lemonlatti-aaa","2026-07-26T17:23:40Z"
"#ZO Two Gram Boutique Switch Orb V5 Disposables","zo-two-gram-boutique-switch-orb-v5-disposables","Carts","carts","14.5","Carts","0","active","https://cdn.shopify.com/s/files/1/0993/8236/2408/files/IMG_1817.jpg?v=1785086911","https://kypfpc-f5.myshopify.com/cdn/shop/videos/c/vp/a044fcf3a8b744dcbc93f2e707d0e346/a044fcf3a8b744dcbc93f2e707d0e346.HD-1080p-4.8Mbps-89944799.mp4","[""https://cdn.shopify.com/s/files/1/0993/8236/2408/files/IMG_1817.jpg?v=1785086911""]","[{""name"":""Default Title"",""price"":14.5,""inventory"":999}]","[""hsl(248, 30%, 18%)"",""hsl(248, 40%, 35%)"",""hsl(248, 50%, 60%)""]","*Anything Lower than 50 is Add On Only* #ZO Two Gram Boutique Switch Orb V5 Disposables is available in the Carts catalog from FUELPACKS with live product images, video media when available, variant pricing, and a simple Telegram checkout handoff. This restored listing includes clean product details for shoppers comparing menu items, reviewing availability, choosing options, and sending prepared order details directly to the sales rep. Current variants include Default Title at $14.50. The page includes optimized metadata, descriptive image alt text, a clean slug, pricing information, and product copy built for search visibility.","#ZO Two Gram Boutique Switch Orb V5 Disposables | FUELPACKS Carts","#ZO Two Gram Boutique Switch Orb V5 Disposables from FUELPACKS Carts. View images, video, variants, price, availability, and send your prepared order...","Carts; #ZO Two Gram Boutique Switch Orb V5 Disposables; FUELPACKS; Telegram ordering","/products/zo-two-gram-boutique-switch-orb-v5-disposables","#ZO Two Gram Boutique Switch Orb V5 Disposables product image from FUELPACKS","FUELPACKS","zo-two-gram-boutique-switch-orb-v5-disposables","","","#ZO Two Gram Boutique Switch Orb V5 Disposables","42","gid://shopify/Product/10361872122152","zo-two-gram-boutique-switch-orb-v5-disposables","2026-07-26T17:29:27Z"
"#ZR Two Gram Backpack Boyz Disposable","zr-two-gram-backpack-boyz-disposable","Carts","carts","14.5","Carts","0","active","https://cdn.shopify.com/s/files/1/0993/8236/2408/files/IMG_1819.jpg?v=1785087273","https://kypfpc-f5.myshopify.com/cdn/shop/videos/c/vp/ab3a6902af6949f885f9b23af1a2ef85/ab3a6902af6949f885f9b23af1a2ef85.HD-1080p-4.8Mbps-89945055.mp4","[""https://cdn.shopify.com/s/files/1/0993/8236/2408/files/IMG_1819.jpg?v=1785087273""]","[{""name"":""Default Title"",""price"":14.5,""inventory"":999}]","[""hsl(18, 30%, 18%)"",""hsl(18, 40%, 35%)"",""hsl(18, 50%, 60%)""]","*Anything Lower than 50 is Add On Only* #ZR Two Gram Backpack Boyz Disposable is available in the Carts catalog from FUELPACKS with live product images, video media when available, variant pricing, and a simple Telegram checkout handoff. This restored listing includes clean product details for shoppers comparing menu items, reviewing availability, choosing options, and sending prepared order details directly to the sales rep. Current variants include Default Title at $14.50. The page includes optimized metadata, descriptive image alt text, a clean slug, pricing information, and product copy built for search visibility.","#ZR Two Gram Backpack Boyz Disposable | FUELPACKS Carts","#ZR Two Gram Backpack Boyz Disposable from FUELPACKS Carts. View images, video, variants, price, availability, and send your prepared order through...","Carts; #ZR Two Gram Backpack Boyz Disposable; FUELPACKS; Telegram ordering","/products/zr-two-gram-backpack-boyz-disposable","#ZR Two Gram Backpack Boyz Disposable product image from FUELPACKS","FUELPACKS","zr-two-gram-backpack-boyz-disposable","","","#ZR Two Gram Backpack Boyz Disposable","43","gid://shopify/Product/10361872744744","zr-two-gram-backpack-boyz-disposable","2026-07-26T17:35:15Z"
"#CS2 Atomic Warheads (AAA)","cs2-atomic-warheads-aaa","AAA","aaa","225","AAA","0","active","https://cdn.shopify.com/s/files/1/0993/8236/2408/files/IMG_1856.jpg?v=1785158257","https://kypfpc-f5.myshopify.com/cdn/shop/videos/c/vp/827f847712f34602b01e0ca7b35e5810/827f847712f34602b01e0ca7b35e5810.HD-1080p-4.8Mbps-90012034.mp4","[""https://cdn.shopify.com/s/files/1/0993/8236/2408/files/IMG_1856.jpg?v=1785158257""]","[{""name"":""QP"",""price"":225,""inventory"":999},{""name"":""HP"",""price"":405,""inventory"":999},{""name"":""P"",""price"":715,""inventory"":999}]","[""hsl(126, 30%, 18%)"",""hsl(126, 40%, 35%)"",""hsl(126, 50%, 60%)""]","8.5/10👃 Lemon Cherry Candy Nose Soft Squishy Texture #CS2 Atomic Warheads (AAA) is available in the AAA catalog from FUELPACKS with live product images, video media when available, variant pricing, and a simple Telegram checkout handoff. This restored listing includes clean product details for shoppers comparing menu items, reviewing availability, choosing options, and sending prepared order details directly to the sales rep. Current variants include QP at $225.00, HP at $405.00, P at $715.00. The page includes optimized metadata, descriptive image alt text, a clean slug, pricing information, and product copy built for search visibility.","#CS2 Atomic Warheads (AAA) | FUELPACKS AAA","#CS2 Atomic Warheads (AAA) from FUELPACKS AAA. View images, video, variants, price, availability, and send your prepared order through Telegram checkout.","AAA; #CS2 Atomic Warheads (AAA); FUELPACKS; Telegram ordering","/products/cs2-atomic-warheads-aaa","#CS2 Atomic Warheads (AAA) product image from FUELPACKS","FUELPACKS","cs2-atomic-warheads-aaa","","","#CS2 Atomic Warheads (AAA)","44","gid://shopify/Product/10362741457192","cs2-atomic-warheads-aaa","2026-07-27T13:17:54Z"
"#DX1 Cherry Poppers (AAA)","dx1-cherry-poppers-aaa","AAA","aaa","225","AAA","0","active","https://cdn.shopify.com/s/files/1/0993/8236/2408/files/IMG_1858.jpg?v=1785158374","https://kypfpc-f5.myshopify.com/cdn/shop/videos/c/vp/9eef6e6a6a2a4e08812bab49e546cd0f/9eef6e6a6a2a4e08812bab49e546cd0f.HD-1080p-4.8Mbps-90012192.mp4","[""https://cdn.shopify.com/s/files/1/0993/8236/2408/files/IMG_1858.jpg?v=1785158374""]","[{""name"":""QP"",""price"":225,""inventory"":999},{""name"":""HP"",""price"":405,""inventory"":999},{""name"":""P"",""price"":715,""inventory"":999}]","[""hsl(95, 30%, 18%)"",""hsl(95, 40%, 35%)"",""hsl(95, 50%, 60%)""]","9/10👃 Lemon Cherry Candy Nose Soft Squishy Texture #DX1 Cherry Poppers (AAA) is available in the AAA catalog from FUELPACKS with live product images, video media when available, variant pricing, and a simple Telegram checkout handoff. This restored listing includes clean product details for shoppers comparing menu items, reviewing availability, choosing options, and sending prepared order details directly to the sales rep. Current variants include QP at $225.00, HP at $405.00, P at $715.00. The page includes optimized metadata, descriptive image alt text, a clean slug, pricing information, and product copy built for search visibility.","#DX1 Cherry Poppers (AAA) | FUELPACKS AAA","#DX1 Cherry Poppers (AAA) from FUELPACKS AAA. View images, video, variants, price, availability, and send your prepared order through Telegram checkout.","AAA; #DX1 Cherry Poppers (AAA); FUELPACKS; Telegram ordering","/products/dx1-cherry-poppers-aaa","#DX1 Cherry Poppers (AAA) product image from FUELPACKS","FUELPACKS","dx1-cherry-poppers-aaa","","","#DX1 Cherry Poppers (AAA)","45","gid://shopify/Product/10362741915944","dx1-cherry-poppers-aaa","2026-07-27T13:20:15Z"
"#CV4 Candy Bombay (AAA)","cv4-candy-bombay-aaa","AAA","aaa","225","AAA","0","active","https://cdn.shopify.com/s/files/1/0993/8236/2408/files/IMG_1862.jpg?v=1785159084","https://kypfpc-f5.myshopify.com/cdn/shop/videos/c/vp/f755f4fc6e7e426bbaf4890b450ac85a/f755f4fc6e7e426bbaf4890b450ac85a.HD-1080p-4.8Mbps-90013035.mp4","[""https://cdn.shopify.com/s/files/1/0993/8236/2408/files/IMG_1862.jpg?v=1785159084""]","[{""name"":""QP"",""price"":225,""inventory"":999},{""name"":""HP"",""price"":405,""inventory"":999},{""name"":""P"",""price"":715,""inventory"":999}]","[""hsl(194, 30%, 18%)"",""hsl(194, 40%, 35%)"",""hsl(194, 50%, 60%)""]","9/10👃 Pungent Lemon Candy Nose Dense Squishy Texture #CV4 Candy Bombay (AAA) is available in the AAA catalog from FUELPACKS with live product images, video media when available, variant pricing, and a simple Telegram checkout handoff. This restored listing includes clean product details for shoppers comparing menu items, reviewing availability, choosing options, and sending prepared order details directly to the sales rep. Current variants include QP at $225.00, HP at $405.00, P at $715.00. The page includes optimized metadata, descriptive image alt text, a clean slug, pricing information, and product copy built for search visibility.","#CV4 Candy Bombay (AAA) | FUELPACKS AAA","#CV4 Candy Bombay (AAA) from FUELPACKS AAA. View images, video, variants, price, availability, and send your prepared order through Telegram checkout.","AAA; #CV4 Candy Bombay (AAA); FUELPACKS; Telegram ordering","/products/cv4-candy-bombay-aaa","#CV4 Candy Bombay (AAA) product image from FUELPACKS","FUELPACKS","cv4-candy-bombay-aaa","","","#CV4 Candy Bombay (AAA)","46","gid://shopify/Product/10362744570152","cv4-candy-bombay-aaa","2026-07-27T13:32:17Z"
"#FH3 Princess Cut (AAA)","fh3-princess-cut-aaa","AAA","aaa","230","AAA","0","active","https://cdn.shopify.com/s/files/1/0993/8236/2408/files/IMG_1868.jpg?v=1785159687","https://kypfpc-f5.myshopify.com/cdn/shop/videos/c/vp/4e3ceba218c74efba47fecb5ac0f85ec/4e3ceba218c74efba47fecb5ac0f85ec.HD-1080p-4.8Mbps-90013950.mp4","[""https://cdn.shopify.com/s/files/1/0993/8236/2408/files/IMG_1868.jpg?v=1785159687""]","[{""name"":""QP"",""price"":230,""inventory"":999},{""name"":""HP"",""price"":410,""inventory"":999},{""name"":""P"",""price"":725,""inventory"":999}]","[""hsl(190, 30%, 18%)"",""hsl(190, 40%, 35%)"",""hsl(190, 50%, 60%)""]","8.5/10👃 Sweet Creamy Truffles Nose Squishy Texture #FH3 Princess Cut (AAA) is available in the AAA catalog from FUELPACKS with live product images, video media when available, variant pricing, and a simple Telegram checkout handoff. This restored listing includes clean product details for shoppers comparing menu items, reviewing availability, choosing options, and sending prepared order details directly to the sales rep. Current variants include QP at $230.00, HP at $410.00, P at $725.00. The page includes optimized metadata, descriptive image alt text, a clean slug, pricing information, and product copy built for search visibility.","#FH3 Princess Cut (AAA) | FUELPACKS AAA","#FH3 Princess Cut (AAA) from FUELPACKS AAA. View images, video, variants, price, availability, and send your prepared order through Telegram checkout.","AAA; #FH3 Princess Cut (AAA); FUELPACKS; Telegram ordering","/products/fh3-princess-cut-aaa","#FH3 Princess Cut (AAA) product image from FUELPACKS","FUELPACKS","fh3-princess-cut-aaa","","","#FH3 Princess Cut (AAA)","47","gid://shopify/Product/10362746831144","fh3-princess-cut-aaa","2026-07-27T13:41:38Z"
"#DS1 Island Skunk Smalls (Deps) (Smalls)","ds1-island-skunk-smalls-deps","SMALLS/MEDIUMS","smalls-mediums","175","SMALLS/MEDIUMS","0","active","https://cdn.shopify.com/s/files/1/0993/8236/2408/files/IMG_1211.jpg?v=1785228109","https://kypfpc-f5.myshopify.com/cdn/shop/videos/c/vp/e983798fc8df4d01abf1f7bb66a561fa/e983798fc8df4d01abf1f7bb66a561fa.HD-1080p-4.8Mbps-90093563.mp4","[""https://cdn.shopify.com/s/files/1/0993/8236/2408/files/IMG_1211.jpg?v=1785228109""]","[{""name"":""QP"",""price"":175,""inventory"":999},{""name"":""HP"",""price"":300,""inventory"":999},{""name"":""P"",""price"":500,""inventory"":999}]","[""hsl(141, 30%, 18%)"",""hsl(141, 40%, 35%)"",""hsl(141, 50%, 60%)""]","8/10👃 Sweet Gassy Pine Nose Dense Squishy Texture #DS1 Island Skunk Smalls (Deps) (Smalls) is available in the SMALLS/MEDIUMS catalog from FUELPACKS with live product images, video media when available, variant pricing, and a simple Telegram checkout handoff. This restored listing includes clean product details for shoppers comparing menu items, reviewing availability, choosing options, and sending prepared order details directly to the sales rep. Current variants include QP at $175.00, HP at $300.00, P at $500.00. The page includes optimized metadata, descriptive image alt text, a clean slug, pricing information, and product copy built for search visibility.","#DS1 Island Skunk Smalls (Deps) (Smalls) | FUELPACKS","#DS1 Island Skunk Smalls (Deps) (Smalls) from FUELPACKS SMALLS/MEDIUMS. View images, video, variants, price, availability, and send your prepared order...","SMALLS/MEDIUMS; #DS1 Island Skunk Smalls (Deps) (Smalls); FUELPACKS; Telegram ordering","/products/ds1-island-skunk-smalls-deps","#DS1 Island Skunk Smalls (Deps) (Smalls) product image from FUELPACKS","FUELPACKS","ds1-island-skunk-smalls-deps","","","#DS1 Island Skunk Smalls (Deps) (Smalls)","48","gid://shopify/Product/10363470545192","ds1-island-skunk-smalls-deps","2026-07-28T08:42:13Z"
"#DV3 Scar Pack Smalls (Deps) (Smalls)","dv3-scar-pack-smalls-deps-smalls","SMALLS/MEDIUMS","smalls-mediums","175","SMALLS/MEDIUMS","0","active","https://cdn.shopify.com/s/files/1/0993/8236/2408/files/IMG_1179.jpg?v=1785228209","https://kypfpc-f5.myshopify.com/cdn/shop/videos/c/vp/102260877e1845748a25cccd24ad28f3/102260877e1845748a25cccd24ad28f3.HD-1080p-4.8Mbps-90093763.mp4","[""https://cdn.shopify.com/s/files/1/0993/8236/2408/files/IMG_1179.jpg?v=1785228209""]","[{""name"":""QP"",""price"":175,""inventory"":999},{""name"":""HP"",""price"":300,""inventory"":999},{""name"":""P"",""price"":500,""inventory"":999}]","[""hsl(56, 30%, 18%)"",""hsl(56, 40%, 35%)"",""hsl(56, 50%, 60%)""]","8/10👃 Gassy Creamy Cake Nose Squishy Texture #DV3 Scar Pack Smalls (Deps) (Smalls) is available in the SMALLS/MEDIUMS catalog from FUELPACKS with live product images, video media when available, variant pricing, and a simple Telegram checkout handoff. This restored listing includes clean product details for shoppers comparing menu items, reviewing availability, choosing options, and sending prepared order details directly to the sales rep. Current variants include QP at $175.00, HP at $300.00, P at $500.00. The page includes optimized metadata, descriptive image alt text, a clean slug, pricing information, and product copy built for search visibility.","#DV3 Scar Pack Smalls (Deps) (Smalls) | FUELPACKS SMALLS/MEDIUMS","#DV3 Scar Pack Smalls (Deps) (Smalls) from FUELPACKS SMALLS/MEDIUMS. View images, video, variants, price, availability, and send your prepared order...","SMALLS/MEDIUMS; #DV3 Scar Pack Smalls (Deps) (Smalls); FUELPACKS; Telegram ordering","/products/dv3-scar-pack-smalls-deps-smalls","#DV3 Scar Pack Smalls (Deps) (Smalls) product image from FUELPACKS","FUELPACKS","dv3-scar-pack-smalls-deps-smalls","","","#DV3 Scar Pack Smalls (Deps) (Smalls)","49","gid://shopify/Product/10363471429928","dv3-scar-pack-smalls-deps-smalls","2026-07-28T08:44:26Z"
"#AS1 White Nerdz (AAA)","as1-white-nerdz-aaa","AAA","aaa","220","AAA","0","active","https://cdn.shopify.com/s/files/1/0993/8236/2408/files/IMG_1895.jpg?v=1785228366","https://kypfpc-f5.myshopify.com/cdn/shop/videos/c/vp/d72145d089dd413fbd4feb16a262c4eb/d72145d089dd413fbd4feb16a262c4eb.HD-1080p-4.8Mbps-90093926.mp4","[""https://cdn.shopify.com/s/files/1/0993/8236/2408/files/IMG_1895.jpg?v=1785228366""]","[{""name"":""QP"",""price"":220,""inventory"":999},{""name"":""HP"",""price"":395,""inventory"":999},{""name"":""P"",""price"":690,""inventory"":999}]","[""hsl(275, 30%, 18%)"",""hsl(275, 40%, 35%)"",""hsl(275, 50%, 60%)""]","9/10👃 Lemon Cherry Candy Nose Squishy Texture #AS1 White Nerdz (AAA) is available in the AAA catalog from FUELPACKS with live product images, video media when available, variant pricing, and a simple Telegram checkout handoff. This restored listing includes clean product details for shoppers comparing menu items, reviewing availability, choosing options, and sending prepared order details directly to the sales rep. Current variants include QP at $220.00, HP at $395.00, P at $690.00. The page includes optimized metadata, descriptive image alt text, a clean slug, pricing information, and product copy built for search visibility.","#AS1 White Nerdz (AAA) | FUELPACKS AAA","#AS1 White Nerdz (AAA) from FUELPACKS AAA. View images, video, variants, price, availability, and send your prepared order through Telegram checkout.","AAA; #AS1 White Nerdz (AAA); FUELPACKS; Telegram ordering","/products/as1-white-nerdz-aaa","#AS1 White Nerdz (AAA) product image from FUELPACKS","FUELPACKS","as1-white-nerdz-aaa","","","#AS1 White Nerdz (AAA)","50","gid://shopify/Product/10363473527080","as1-white-nerdz-aaa","2026-07-28T08:46:32Z"
"#CG003 Unc'nem Candy Smalls (Indoor)","cg003-uncnem-candy-smalls-indoor","Special Deals","special-deals","575","Special Deals","0","active","https://cdn.shopify.com/s/files/1/0993/8236/2408/files/IMG_1903.jpg?v=1785228759","","[""https://cdn.shopify.com/s/files/1/0993/8236/2408/files/IMG_1903.jpg?v=1785228759""]","[{""name"":""P"",""price"":575,""inventory"":999}]","[""hsl(121, 30%, 18%)"",""hsl(121, 40%, 35%)"",""hsl(121, 50%, 60%)""]","💰TRAP LORD SPECIAL💰 7.5/10👃 *ADD TO ORDER ONLY* Faint Oxidized Candy Nose Squishy Texture *NO ADDITIONAL DROPS* #CG003 Unc'nem Candy Smalls (Indoor) is available in the Special Deals catalog from FUELPACKS with live product images, video media when available, variant pricing, and a simple Telegram checkout handoff. This restored listing includes clean product details for shoppers comparing menu items, reviewing availability, choosing options, and sending prepared order details directly to the sales rep. Current variants include P at $575.00. The page includes optimized metadata, descriptive image alt text, a clean slug, pricing information, and product copy built for search visibility.","#CG003 Unc'nem Candy Smalls (Indoor) | FUELPACKS Special Deals","#CG003 Unc'nem Candy Smalls (Indoor) from FUELPACKS Special Deals. View images, video, variants, price, availability, and send your prepared order...","Special Deals; #CG003 Unc'nem Candy Smalls (Indoor); FUELPACKS; Telegram ordering","/products/cg003-uncnem-candy-smalls-indoor","#CG003 Unc'nem Candy Smalls (Indoor) product image from FUELPACKS","FUELPACKS","cg003-uncnem-candy-smalls-indoor","","","#CG003 Unc'nem Candy Smalls (Indoor)","51","gid://shopify/Product/10363486667048","cg003-uncnem-candy-smalls-indoor","2026-07-28T08:53:09Z"
"#BA4 Lemonade Dots Shmediums (Indoor)","ba4-lemonade-dots-shmediums-indoor","SMALLS/MEDIUMS","smalls-mediums","265","SMALLS/MEDIUMS","0","active","https://cdn.shopify.com/s/files/1/0993/8236/2408/files/IMG_1953.jpg?v=1785341096","https://kypfpc-f5.myshopify.com/cdn/shop/videos/c/vp/ea4d092ced8d4eea9b40d59d79637f52/ea4d092ced8d4eea9b40d59d79637f52.HD-1080p-4.8Mbps-90238230.mp4","[""https://cdn.shopify.com/s/files/1/0993/8236/2408/files/IMG_1953.jpg?v=1785341096""]","[{""name"":""QP"",""price"":265,""inventory"":999},{""name"":""HP"",""price"":485,""inventory"":999},{""name"":""P"",""price"":875,""inventory"":999}]","[""hsl(28, 30%, 18%)"",""hsl(28, 40%, 35%)"",""hsl(28, 50%, 60%)""]","9/10👃 Licensed Shmediums Sour Lemon Candy Nose Soft Squishy Texture #BA4 Lemonade Dots Shmediums (Indoor) is available in the SMALLS/MEDIUMS catalog from FUELPACKS with live product images, video media when available, variant pricing, and a simple Telegram checkout handoff. This restored listing includes clean product details for shoppers comparing menu items, reviewing availability, choosing options, and sending prepared order details directly to the sales rep. Current variants include QP at $265.00, HP at $485.00, P at $875.00. The page includes optimized metadata, descriptive image alt text, a clean slug, pricing information, and product copy built for search visibility.","#BA4 Lemonade Dots Shmediums (Indoor) | FUELPACKS SMALLS/MEDIUMS","#BA4 Lemonade Dots Shmediums (Indoor) from FUELPACKS SMALLS/MEDIUMS. View images, video, variants, price, availability, and send your prepared order...","SMALLS/MEDIUMS; #BA4 Lemonade Dots Shmediums (Indoor); FUELPACKS; Telegram ordering","/products/ba4-lemonade-dots-shmediums-indoor","#BA4 Lemonade Dots Shmediums (Indoor) product image from FUELPACKS","FUELPACKS","ba4-lemonade-dots-shmediums-indoor","","","#BA4 Lemonade Dots Shmediums (Indoor)","52","gid://shopify/Product/10365573398824","ba4-lemonade-dots-shmediums-indoor","2026-07-29T16:05:01Z"
"#AA4 Sour Belts Mediums (Indoor) (Mediums)","aa4-sour-belts-mediums-indoor-mediums","Special Deals","special-deals","275","Special Deals","0","active","https://cdn.shopify.com/s/files/1/0993/8236/2408/files/IMG_1961.jpg?v=1785342416","https://kypfpc-f5.myshopify.com/cdn/shop/videos/c/vp/dc61b7b12cca4017b7428c8648ad560c/dc61b7b12cca4017b7428c8648ad560c.HD-1080p-4.8Mbps-90240314.mp4","[""https://cdn.shopify.com/s/files/1/0993/8236/2408/files/IMG_1961.jpg?v=1785342416""]","[{""name"":""QP"",""price"":275,""inventory"":999},{""name"":""HP"",""price"":500,""inventory"":999},{""name"":""P"",""price"":900,""inventory"":999}]","[""hsl(251, 30%, 18%)"",""hsl(251, 40%, 35%)"",""hsl(251, 50%, 60%)""]","🤑 FAT COME UP DEAL 🤑 9/10👃 Licensed Mediums Pungent Lemon Candy Nose Soft Squishy Texture #AA4 Sour Belts Mediums (Indoor) (Mediums) is available in the Special Deals catalog from FUELPACKS with live product images, video media when available, variant pricing, and a simple Telegram checkout handoff. This restored listing includes clean product details for shoppers comparing menu items, reviewing availability, choosing options, and sending prepared order details directly to the sales rep. Current variants include QP at $275.00, HP at $500.00, P at $900.00. The page includes optimized metadata, descriptive image alt text, a clean slug, pricing information, and product copy built for search visibility.","#AA4 Sour Belts Mediums (Indoor) (Mediums) | FUELPACKS Special","#AA4 Sour Belts Mediums (Indoor) (Mediums) from FUELPACKS Special Deals. View images, video, variants, price, availability, and send your prepared order...","Special Deals; #AA4 Sour Belts Mediums (Indoor) (Mediums); FUELPACKS; Telegram ordering","/products/aa4-sour-belts-mediums-indoor-mediums","#AA4 Sour Belts Mediums (Indoor) (Mediums) product image from FUELPACKS","FUELPACKS","aa4-sour-belts-mediums-indoor-mediums","","","#AA4 Sour Belts Mediums (Indoor) (Mediums)","53","gid://shopify/Product/10365578510632","aa4-sour-belts-mediums-indoor-mediums","2026-07-29T16:27:07Z"
"#ZZ Two Gram Authentic Muha Meds Members Disposables","zz-two-gram-authentic-muha-meds-members-disposables","Carts","carts","15","Carts","0","active","https://cdn.shopify.com/s/files/1/0993/8236/2408/files/IMG_1981.jpg?v=1785430113","https://kypfpc-f5.myshopify.com/cdn/shop/videos/c/vp/d34bbeca21954c33875e524e5f914e33/d34bbeca21954c33875e524e5f914e33.HD-1080p-4.8Mbps-90357265.mp4","[""https://cdn.shopify.com/s/files/1/0993/8236/2408/files/IMG_1981.jpg?v=1785430113""]","[{""name"":""Default Title"",""price"":15,""inventory"":999}]","[""hsl(125, 30%, 18%)"",""hsl(125, 40%, 35%)"",""hsl(125, 50%, 60%)""]","*Anything Lower than 50 is Add On Only* #ZZ Two Gram Authentic Muha Meds Members Disposables is available in the Carts catalog from FUELPACKS with live product images, video media when available, variant pricing, and a simple Telegram checkout handoff. This restored listing includes clean product details for shoppers comparing menu items, reviewing availability, choosing options, and sending prepared order details directly to the sales rep. Current variants include Default Title at $15.00. The page includes optimized metadata, descriptive image alt text, a clean slug, pricing information, and product copy built for search visibility.","#ZZ Two Gram Authentic Muha Meds Members Disposables | FUELPACKS","#ZZ Two Gram Authentic Muha Meds Members Disposables from FUELPACKS Carts. View images, video, variants, price, availability, and send your prepared...","Carts; #ZZ Two Gram Authentic Muha Meds Members Disposables; FUELPACKS; Telegram ordering","/products/zz-two-gram-authentic-muha-meds-members-disposables","#ZZ Two Gram Authentic Muha Meds Members Disposables product image from FUELPACKS","FUELPACKS","zz-two-gram-authentic-muha-meds-members-disposables","","","#ZZ Two Gram Authentic Muha Meds Members Disposables","54","gid://shopify/Product/10366423728424","zz-two-gram-authentic-muha-meds-members-disposables","2026-07-30T16:48:45Z"
"#BV3 91 Octane (Indoor)","bv3-91-octane-indoor","Indoor","indoor","235","Indoor","0","active","https://cdn.shopify.com/s/files/1/0993/8236/2408/files/IMG_1991.jpg?v=1785430770","https://kypfpc-f5.myshopify.com/cdn/shop/videos/c/vp/6372a69db183455b9d3ec59b1cfa6950/6372a69db183455b9d3ec59b1cfa6950.HD-1080p-4.8Mbps-90358912.mp4","[""https://cdn.shopify.com/s/files/1/0993/8236/2408/files/IMG_1991.jpg?v=1785430770""]","[{""name"":""QP"",""price"":235,""inventory"":999},{""name"":""HP"",""price"":425,""inventory"":999},{""name"":""P"",""price"":750,""inventory"":999}]","[""hsl(105, 30%, 18%)"",""hsl(105, 40%, 35%)"",""hsl(105, 50%, 60%)""]","8.5/10👃 Sweet Gassy Gelato Nose Squishy Texture #BV3 91 Octane (Indoor) is available in the Indoor catalog from FUELPACKS with live product images, video media when available, variant pricing, and a simple Telegram checkout handoff. This restored listing includes clean product details for shoppers comparing menu items, reviewing availability, choosing options, and sending prepared order details directly to the sales rep. Current variants include QP at $235.00, HP at $425.00, P at $750.00. The page includes optimized metadata, descriptive image alt text, a clean slug, pricing information, and product copy built for search visibility.","#BV3 91 Octane (Indoor) | FUELPACKS Indoor","#BV3 91 Octane (Indoor) from FUELPACKS Indoor. View images, video, variants, price, availability, and send your prepared order through Telegram checkout.","Indoor; #BV3 91 Octane (Indoor); FUELPACKS; Telegram ordering","/products/bv3-91-octane-indoor","#BV3 91 Octane (Indoor) product image from FUELPACKS","FUELPACKS","bv3-91-octane-indoor","","","#BV3 91 Octane (Indoor)","55","gid://shopify/Product/10366428447016","bv3-91-octane-indoor","2026-07-30T17:00:16Z"
"#CC2 Optimus Limes (Indoor)","cc2-optimus-limes-indoor","Indoor","indoor","325","Indoor","0","active","https://cdn.shopify.com/s/files/1/0993/8236/2408/files/IMG_2009.jpg?v=1785514760","https://kypfpc-f5.myshopify.com/cdn/shop/videos/c/vp/31b8955a7d0b4fffb886e6069743b34f/31b8955a7d0b4fffb886e6069743b34f.HD-1080p-4.8Mbps-90454759.mp4","[""https://cdn.shopify.com/s/files/1/0993/8236/2408/files/IMG_2009.jpg?v=1785514760""]","[{""name"":""QP"",""price"":325,""inventory"":999},{""name"":""HP"",""price"":600,""inventory"":999},{""name"":""P"",""price"":1100,""inventory"":999}]","[""hsl(133, 30%, 18%)"",""hsl(133, 40%, 35%)"",""hsl(133, 50%, 60%)""]","9.5/10👃 Licensed Indoors Lemon Cherry Candy Nose Soft Squishy Texture #CC2 Optimus Limes (Indoor) is available in the Indoor catalog from FUELPACKS with live product images, video media when available, variant pricing, and a simple Telegram checkout handoff. This restored listing includes clean product details for shoppers comparing menu items, reviewing availability, choosing options, and sending prepared order details directly to the sales rep. Current variants include QP at $325.00, HP at $600.00, P at $1100.00. The page includes optimized metadata, descriptive image alt text, a clean slug, pricing information, and product copy built for search visibility.","#CC2 Optimus Limes (Indoor) | FUELPACKS Indoor","#CC2 Optimus Limes (Indoor) from FUELPACKS Indoor. View images, video, variants, price, availability, and send your prepared order through Telegram checkout.","Indoor; #CC2 Optimus Limes (Indoor); FUELPACKS; Telegram ordering","/products/cc2-optimus-limes-indoor","#CC2 Optimus Limes (Indoor) product image from FUELPACKS","FUELPACKS","cc2-optimus-limes-indoor","","","#CC2 Optimus Limes (Indoor)","56","gid://shopify/Product/10369297056040","cc2-optimus-limes-indoor","2026-07-31T16:20:48Z"
"#BK3 Razzles (Indoor)","bk3-razzles-indoor","Indoor","indoor","310","Indoor","0","active","https://cdn.shopify.com/s/files/1/0993/8236/2408/files/IMG_2011.jpg?v=1785514952","https://kypfpc-f5.myshopify.com/cdn/shop/videos/c/vp/002d63050e42406da0e9ea8dd7020071/002d63050e42406da0e9ea8dd7020071.HD-1080p-4.8Mbps-90455008.mp4","[""https://cdn.shopify.com/s/files/1/0993/8236/2408/files/IMG_2011.jpg?v=1785514952""]","[{""name"":""QP"",""price"":310,""inventory"":999},{""name"":""HP"",""price"":575,""inventory"":999},{""name"":""P"",""price"":1075,""inventory"":999}]","[""hsl(80, 30%, 18%)"",""hsl(80, 40%, 35%)"",""hsl(80, 50%, 60%)""]","10/10👃 Licensed Indoors Pungent Lemon Cherry Nose Dense Squishy Texture #BK3 Razzles (Indoor) is available in the Indoor catalog from FUELPACKS with live product images, video media when available, variant pricing, and a simple Telegram checkout handoff. This restored listing includes clean product details for shoppers comparing menu items, reviewing availability, choosing options, and sending prepared order details directly to the sales rep. Current variants include QP at $310.00, HP at $575.00, P at $1075.00. The page includes optimized metadata, descriptive image alt text, a clean slug, pricing information, and product copy built for search visibility.","#BK3 Razzles (Indoor) | FUELPACKS Indoor","#BK3 Razzles (Indoor) from FUELPACKS Indoor. View images, video, variants, price, availability, and send your prepared order through Telegram checkout.","Indoor; #BK3 Razzles (Indoor); FUELPACKS; Telegram ordering","/products/bk3-razzles-indoor","#BK3 Razzles (Indoor) product image from FUELPACKS","FUELPACKS","bk3-razzles-indoor","","","#BK3 Razzles (Indoor)","57","gid://shopify/Product/10369299251496","bk3-razzles-indoor","2026-07-31T16:22:38Z"
"#CD3 White Guava Gelato (Deps)","cd3-white-guava-gelato-deps","Deps","deps","185","Deps","0","active","https://cdn.shopify.com/s/files/1/0993/8236/2408/files/IMG_2013.jpg?v=1785515003","https://kypfpc-f5.myshopify.com/cdn/shop/videos/c/vp/84bc48fab40f404e8dfe30cb5acc8703/84bc48fab40f404e8dfe30cb5acc8703.HD-1080p-4.8Mbps-90455110.mp4","[""https://cdn.shopify.com/s/files/1/0993/8236/2408/files/IMG_2013.jpg?v=1785515003""]","[{""name"":""QP"",""price"":185,""inventory"":999},{""name"":""HP"",""price"":325,""inventory"":999},{""name"":""P"",""price"":550,""inventory"":999}]","[""hsl(157, 30%, 18%)"",""hsl(157, 40%, 35%)"",""hsl(157, 50%, 60%)""]","8.5/10👃 Sweet Gassy Candy Nose Soft Squishy Texture *NO ADDITIONAL DROPS* #CD3 White Guava Gelato (Deps) is available in the Deps catalog from FUELPACKS with live product images, video media when available, variant pricing, and a simple Telegram checkout handoff. This restored listing includes clean product details for shoppers comparing menu items, reviewing availability, choosing options, and sending prepared order details directly to the sales rep. Current variants include QP at $185.00, HP at $325.00, P at $550.00. The page includes optimized metadata, descriptive image alt text, a clean slug, pricing information, and product copy built for search visibility.","#CD3 White Guava Gelato (Deps) | FUELPACKS Deps","#CD3 White Guava Gelato (Deps) from FUELPACKS Deps. View images, video, variants, price, availability, and send your prepared order through Telegram checkout.","Deps; #CD3 White Guava Gelato (Deps); FUELPACKS; Telegram ordering","/products/cd3-white-guava-gelato-deps","#CD3 White Guava Gelato (Deps) product image from FUELPACKS","FUELPACKS","cd3-white-guava-gelato-deps","","","#CD3 White Guava Gelato (Deps)","58","gid://shopify/Product/10369299513640","cd3-white-guava-gelato-deps","2026-07-31T16:23:47Z"
"#CT2 Birthday Cake (Indoor)","ct2-birthday-cake-indoor","Indoor","indoor","240","Indoor","0","active","https://cdn.shopify.com/s/files/1/0993/8236/2408/files/IMG_2015.jpg?v=1785515078","https://kypfpc-f5.myshopify.com/cdn/shop/videos/c/vp/bf10bb7c839a45e4918ad34e73c63ca4/bf10bb7c839a45e4918ad34e73c63ca4.HD-1080p-4.8Mbps-90455184.mp4","[""https://cdn.shopify.com/s/files/1/0993/8236/2408/files/IMG_2015.jpg?v=1785515078""]","[{""name"":""QP"",""price"":240,""inventory"":999},{""name"":""HP"",""price"":435,""inventory"":999},{""name"":""P"",""price"":775,""inventory"":999}]","[""hsl(188, 30%, 18%)"",""hsl(188, 40%, 35%)"",""hsl(188, 50%, 60%)""]","8.5/10👃 Sweet Gassy ICC Nose Dense Texture #CT2 Birthday Cake (Indoor) is available in the Indoor catalog from FUELPACKS with live product images, video media when available, variant pricing, and a simple Telegram checkout handoff. This restored listing includes clean product details for shoppers comparing menu items, reviewing availability, choosing options, and sending prepared order details directly to the sales rep. Current variants include QP at $240.00, HP at $435.00, P at $775.00. The page includes optimized metadata, descriptive image alt text, a clean slug, pricing information, and product copy built for search visibility.","#CT2 Birthday Cake (Indoor) | FUELPACKS Indoor","#CT2 Birthday Cake (Indoor) from FUELPACKS Indoor. View images, video, variants, price, availability, and send your prepared order through Telegram checkout.","Indoor; #CT2 Birthday Cake (Indoor); FUELPACKS; Telegram ordering","/products/ct2-birthday-cake-indoor","#CT2 Birthday Cake (Indoor) product image from FUELPACKS","FUELPACKS","ct2-birthday-cake-indoor","","","#CT2 Birthday Cake (Indoor)","59","gid://shopify/Product/10369300365608","ct2-birthday-cake-indoor","2026-07-31T16:25:11Z"
"#CO2 Midori Zours (AAA)","co2-midori-zours-aaa","AAA","aaa","220","AAA","0","active","https://cdn.shopify.com/s/files/1/0993/8236/2408/files/IMG_2038.jpg?v=1785611880","https://kypfpc-f5.myshopify.com/cdn/shop/videos/c/vp/9bd0af1d7587488480d030734654b7d6/9bd0af1d7587488480d030734654b7d6.HD-1080p-4.8Mbps-90525765.mp4","[""https://cdn.shopify.com/s/files/1/0993/8236/2408/files/IMG_2038.jpg?v=1785611880""]","[{""name"":""QP"",""price"":220,""inventory"":999},{""name"":""HP"",""price"":395,""inventory"":999},{""name"":""P"",""price"":690,""inventory"":999}]","[""hsl(165, 30%, 18%)"",""hsl(165, 40%, 35%)"",""hsl(165, 50%, 60%)""]","9/10👃 Gassy Lemon Candy Nose Dense Squishy Texture #CO2 Midori Zours (AAA) is available in the AAA catalog from FUELPACKS with live product images, video media when available, variant pricing, and a simple Telegram checkout handoff. This restored listing includes clean product details for shoppers comparing menu items, reviewing availability, choosing options, and sending prepared order details directly to the sales rep. Current variants include QP at $220.00, HP at $395.00, P at $690.00. The page includes optimized metadata, descriptive image alt text, a clean slug, pricing information, and product copy built for search visibility.","#CO2 Midori Zours (AAA) | FUELPACKS AAA","#CO2 Midori Zours (AAA) from FUELPACKS AAA. View images, video, variants, price, availability, and send your prepared order through Telegram checkout.","AAA; #CO2 Midori Zours (AAA); FUELPACKS; Telegram ordering","/products/co2-midori-zours-aaa","#CO2 Midori Zours (AAA) product image from FUELPACKS","FUELPACKS","co2-midori-zours-aaa","","","#CO2 Midori Zours (AAA)","60","gid://shopify/Product/10370335473960","co2-midori-zours-aaa","2026-08-01T19:18:15Z"
"#DQ2 White Himalayan (Indoor)","dq2-white-himalayan-indoor","Indoor","indoor","325","Indoor","0","active","https://cdn.shopify.com/s/files/1/0993/8236/2408/files/IMG_2042.jpg?v=1785611983","https://kypfpc-f5.myshopify.com/cdn/shop/videos/c/vp/88e565682e8f4abda6115364a7a0bd35/88e565682e8f4abda6115364a7a0bd35.HD-1080p-4.8Mbps-90525818.mp4","[""https://cdn.shopify.com/s/files/1/0993/8236/2408/files/IMG_2042.jpg?v=1785611983""]","[{""name"":""QP"",""price"":325,""inventory"":999},{""name"":""HP"",""price"":600,""inventory"":999},{""name"":""P"",""price"":1100,""inventory"":999}]","[""hsl(0, 30%, 18%)"",""hsl(0, 40%, 35%)"",""hsl(0, 50%, 60%)""]","9.5/10👃 Licensed Indoors Pungent Lemon Candy Nose Soft Squishy Texture #DQ2 White Himalayan (Indoor) is available in the Indoor catalog from FUELPACKS with live product images, video media when available, variant pricing, and a simple Telegram checkout handoff. This restored listing includes clean product details for shoppers comparing menu items, reviewing availability, choosing options, and sending prepared order details directly to the sales rep. Current variants include QP at $325.00, HP at $600.00, P at $1100.00. The page includes optimized metadata, descriptive image alt text, a clean slug, pricing information, and product copy built for search visibility.","#DQ2 White Himalayan (Indoor) | FUELPACKS Indoor","#DQ2 White Himalayan (Indoor) from FUELPACKS Indoor. View images, video, variants, price, availability, and send your prepared order through Telegram checkout.","Indoor; #DQ2 White Himalayan (Indoor); FUELPACKS; Telegram ordering","/products/dq2-white-himalayan-indoor","#DQ2 White Himalayan (Indoor) product image from FUELPACKS","FUELPACKS","dq2-white-himalayan-indoor","","","#DQ2 White Himalayan (Indoor)","61","gid://shopify/Product/10370335637800","dq2-white-himalayan-indoor","2026-08-01T19:20:14Z"
"#DU4 Shocktartz (Indoor)","du4-shocktartz-indoor","Indoor","indoor","325","Indoor","0","active","https://cdn.shopify.com/s/files/1/0993/8236/2408/files/IMG_2044.jpg?v=1785612052","https://kypfpc-f5.myshopify.com/cdn/shop/videos/c/vp/407bdf58590c4efd9cd232f30e51fe50/407bdf58590c4efd9cd232f30e51fe50.HD-1080p-4.8Mbps-90525842.mp4","[""https://cdn.shopify.com/s/files/1/0993/8236/2408/files/IMG_2044.jpg?v=1785612052""]","[{""name"":""QP"",""price"":325,""inventory"":999},{""name"":""HP"",""price"":600,""inventory"":999},{""name"":""P"",""price"":1100,""inventory"":999}]","[""hsl(149, 30%, 18%)"",""hsl(149, 40%, 35%)"",""hsl(149, 50%, 60%)""]","10/10👃 Licensed Indoors Lemon Cherry Candy Nose Dense Squishy Texture #DU4 Shocktartz (Indoor) is available in the Indoor catalog from FUELPACKS with live product images, video media when available, variant pricing, and a simple Telegram checkout handoff. This restored listing includes clean product details for shoppers comparing menu items, reviewing availability, choosing options, and sending prepared order details directly to the sales rep. Current variants include QP at $325.00, HP at $600.00, P at $1100.00. The page includes optimized metadata, descriptive image alt text, a clean slug, pricing information, and product copy built for search visibility.","#DU4 Shocktartz (Indoor) | FUELPACKS Indoor","#DU4 Shocktartz (Indoor) from FUELPACKS Indoor. View images, video, variants, price, availability, and send your prepared order through Telegram checkout.","Indoor; #DU4 Shocktartz (Indoor); FUELPACKS; Telegram ordering","/products/du4-shocktartz-indoor","#DU4 Shocktartz (Indoor) product image from FUELPACKS","FUELPACKS","du4-shocktartz-indoor","","","#DU4 Shocktartz (Indoor)","62","gid://shopify/Product/10370335736104","du4-shocktartz-indoor","2026-08-01T19:21:21Z"
"#FD3 Shake Shack (Indoor)","fd3-shake-shack-indoor","Indoor","indoor","150","Indoor","0","active","https://cdn.shopify.com/s/files/1/0993/8236/2408/files/IMG_0895_7218c1ec-23fa-49a2-b1d1-af31a49a8281.jpg?v=1785672242","https://kypfpc-f5.myshopify.com/cdn/shop/videos/c/vp/6a14a7f8c5ef4b21ba3c710161cf97aa/6a14a7f8c5ef4b21ba3c710161cf97aa.HD-1080p-4.8Mbps-90557579.mp4","[""https://cdn.shopify.com/s/files/1/0993/8236/2408/files/IMG_0895_7218c1ec-23fa-49a2-b1d1-af31a49a8281.jpg?v=1785672242""]","[{""name"":""P"",""price"":150,""inventory"":999}]","[""hsl(275, 30%, 18%)"",""hsl(275, 40%, 35%)"",""hsl(275, 50%, 60%)""]","7/10👃 Earthy Piney Gelato Nose *ADD TO ORDER ONLY* *NO ADDITIONAL DROPS* #FD3 Shake Shack (Indoor) is available in the Indoor catalog from FUELPACKS with live product images, video media when available, variant pricing, and a simple Telegram checkout handoff. This restored listing includes clean product details for shoppers comparing menu items, reviewing availability, choosing options, and sending prepared order details directly to the sales rep. Current variants include P at $150.00. The page includes optimized metadata, descriptive image alt text, a clean slug, pricing information, and product copy built for search visibility.","#FD3 Shake Shack (Indoor) | FUELPACKS Indoor","#FD3 Shake Shack (Indoor) from FUELPACKS Indoor. View images, video, variants, price, availability, and send your prepared order through Telegram checkout.","Indoor; #FD3 Shake Shack (Indoor); FUELPACKS; Telegram ordering","/products/fd3-shake-shack-indoor","#FD3 Shake Shack (Indoor) product image from FUELPACKS","FUELPACKS","fd3-shake-shack-indoor","","","#FD3 Shake Shack (Indoor)","63","gid://shopify/Product/10370582118696","fd3-shake-shack-indoor","2026-08-02T12:04:23Z"
"#EV1 Za Morant (Indoor) (Zaza)","ev1-za-morant-indoor-zaza","Exotic","exotic","365","Exotic","0","active","https://cdn.shopify.com/s/files/1/0993/8236/2408/files/IMG_2066.jpg?v=1785672389","https://kypfpc-f5.myshopify.com/cdn/shop/videos/c/vp/62b1071411d74c599d75f7dcd807ae5d/62b1071411d74c599d75f7dcd807ae5d.HD-1080p-4.8Mbps-90557637.mp4","[""https://cdn.shopify.com/s/files/1/0993/8236/2408/files/IMG_2066.jpg?v=1785672389""]","[{""name"":""QP"",""price"":365,""inventory"":999},{""name"":""HP"",""price"":685,""inventory"":999},{""name"":""P"",""price"":1275,""inventory"":999}]","[""hsl(331, 30%, 18%)"",""hsl(331, 40%, 35%)"",""hsl(331, 50%, 60%)""]","10/10👃 Licensed Indoors Lemon Cherry Candy Nose Soft Squishy Texture #EV1 Za Morant (Indoor) (Zaza) is available in the Exotic catalog from FUELPACKS with live product images, video media when available, variant pricing, and a simple Telegram checkout handoff. This restored listing includes clean product details for shoppers comparing menu items, reviewing availability, choosing options, and sending prepared order details directly to the sales rep. Current variants include QP at $365.00, HP at $685.00, P at $1275.00. The page includes optimized metadata, descriptive image alt text, a clean slug, pricing information, and product copy built for search visibility.","#EV1 Za Morant (Indoor) (Zaza) | FUELPACKS Exotic","#EV1 Za Morant (Indoor) (Zaza) from FUELPACKS Exotic. View images, video, variants, price, availability, and send your prepared order through Telegram checkout.","Exotic; #EV1 Za Morant (Indoor) (Zaza); FUELPACKS; Telegram ordering","/products/ev1-za-morant-indoor-zaza","#EV1 Za Morant (Indoor) (Zaza) product image from FUELPACKS","FUELPACKS","ev1-za-morant-indoor-zaza","","","#EV1 Za Morant (Indoor) (Zaza)","64","gid://shopify/Product/10370582315304","ev1-za-morant-indoor-zaza","2026-08-02T12:07:01Z"
"#BI3 Bazooka Joe (Indoor)","bi3-bazooka-joe-indoor","Indoor","indoor","310","Indoor","0","active","https://cdn.shopify.com/s/files/1/0993/8236/2408/files/IMG_2090.jpg?v=1785747821","https://kypfpc-f5.myshopify.com/cdn/shop/videos/c/vp/ea799470006549b7b7803cd7949438dd/ea799470006549b7b7803cd7949438dd.HD-1080p-4.8Mbps-90614070.mp4","[""https://cdn.shopify.com/s/files/1/0993/8236/2408/files/IMG_2090.jpg?v=1785747821""]","[{""name"":""QP"",""price"":310,""inventory"":999},{""name"":""HP"",""price"":575,""inventory"":999},{""name"":""P"",""price"":1075,""inventory"":999}]","[""hsl(45, 30%, 18%)"",""hsl(45, 40%, 35%)"",""hsl(45, 50%, 60%)""]","9.5/10👃 Licensed Indoors Pungent Lemon Cherry Nose Dense Squishy Texture #BI3 Bazooka Joe (Indoor) is available in the Indoor catalog from FUELPACKS with live product images, video media when available, variant pricing, and a simple Telegram checkout handoff. This restored listing includes clean product details for shoppers comparing menu items, reviewing availability, choosing options, and sending prepared order details directly to the sales rep. Current variants include QP at $310.00, HP at $575.00, P at $1075.00. The page includes optimized metadata, descriptive image alt text, a clean slug, pricing information, and product copy built for search visibility.","#BI3 Bazooka Joe (Indoor) | FUELPACKS Indoor","#BI3 Bazooka Joe (Indoor) from FUELPACKS Indoor. View images, video, variants, price, availability, and send your prepared order through Telegram checkout.","Indoor; #BI3 Bazooka Joe (Indoor); FUELPACKS; Telegram ordering","/products/bi3-bazooka-joe-indoor","#BI3 Bazooka Joe (Indoor) product image from FUELPACKS","FUELPACKS","bi3-bazooka-joe-indoor","","","#BI3 Bazooka Joe (Indoor)","65","gid://shopify/Product/10371085500712","bi3-bazooka-joe-indoor","2026-08-03T09:04:00Z"
"#FI2 Willy Wonka (AAA)","fi2-willy-wonka-aaa","AAA","aaa","230","AAA","0","active","https://cdn.shopify.com/s/files/1/0993/8236/2408/files/IMG_2096.jpg?v=1785748062","https://kypfpc-f5.myshopify.com/cdn/shop/videos/c/vp/8516633fde2743c59f9f06ecd86ad1fd/8516633fde2743c59f9f06ecd86ad1fd.HD-1080p-4.8Mbps-90614431.mp4","[""https://cdn.shopify.com/s/files/1/0993/8236/2408/files/IMG_2096.jpg?v=1785748062""]","[{""name"":""QP"",""price"":230,""inventory"":999},{""name"":""HP"",""price"":410,""inventory"":999},{""name"":""P"",""price"":725,""inventory"":999}]","[""hsl(348, 30%, 18%)"",""hsl(348, 40%, 35%)"",""hsl(348, 50%, 60%)""]","9/10👃 Skunky Gassy Candy Nose Dense Texture #FI2 Willy Wonka (AAA) is available in the AAA catalog from FUELPACKS with live product images, video media when available, variant pricing, and a simple Telegram checkout handoff. This restored listing includes clean product details for shoppers comparing menu items, reviewing availability, choosing options, and sending prepared order details directly to the sales rep. Current variants include QP at $230.00, HP at $410.00, P at $725.00. The page includes optimized metadata, descriptive image alt text, a clean slug, pricing information, and product copy built for search visibility.","#FI2 Willy Wonka (AAA) | FUELPACKS AAA","#FI2 Willy Wonka (AAA) from FUELPACKS AAA. View images, video, variants, price, availability, and send your prepared order through Telegram checkout.","AAA; #FI2 Willy Wonka (AAA); FUELPACKS; Telegram ordering","/products/fi2-willy-wonka-aaa","#FI2 Willy Wonka (AAA) product image from FUELPACKS","FUELPACKS","fi2-willy-wonka-aaa","","","#FI2 Willy Wonka (AAA)","66","gid://shopify/Product/10371090940200","fi2-willy-wonka-aaa","2026-08-03T09:07:51Z"
"#DL2 Raunchy Runtz (Deps)","dl2-raunchy-runtz-deps","Deps","deps","200","Deps","0","active","https://cdn.shopify.com/s/files/1/0993/8236/2408/files/IMG_2100.jpg?v=1785748191","https://kypfpc-f5.myshopify.com/cdn/shop/videos/c/vp/5d2c92c38c634541b5596eed19f00ac1/5d2c92c38c634541b5596eed19f00ac1.HD-1080p-4.8Mbps-90614667.mp4","[""https://cdn.shopify.com/s/files/1/0993/8236/2408/files/IMG_2100.jpg?v=1785748191""]","[{""name"":""QP"",""price"":200,""inventory"":999},{""name"":""HP"",""price"":350,""inventory"":999},{""name"":""P"",""price"":600,""inventory"":999}]","[""hsl(244, 30%, 18%)"",""hsl(244, 40%, 35%)"",""hsl(244, 50%, 60%)""]","8/10👃 Faint Lemon Cherry Nose Dense Squishy Texture #DL2 Raunchy Runtz (Deps) is available in the Deps catalog from FUELPACKS with live product images, video media when available, variant pricing, and a simple Telegram checkout handoff. This restored listing includes clean product details for shoppers comparing menu items, reviewing availability, choosing options, and sending prepared order details directly to the sales rep. Current variants include QP at $200.00, HP at $350.00, P at $600.00. The page includes optimized metadata, descriptive image alt text, a clean slug, pricing information, and product copy built for search visibility.","#DL2 Raunchy Runtz (Deps) | FUELPACKS Deps","#DL2 Raunchy Runtz (Deps) from FUELPACKS Deps. View images, video, variants, price, availability, and send your prepared order through Telegram checkout.","Deps; #DL2 Raunchy Runtz (Deps); FUELPACKS; Telegram ordering","/products/dl2-raunchy-runtz-deps","#DL2 Raunchy Runtz (Deps) product image from FUELPACKS","FUELPACKS","dl2-raunchy-runtz-deps","","","#DL2 Raunchy Runtz (Deps)","67","gid://shopify/Product/10371091235112","dl2-raunchy-runtz-deps","2026-08-03T09:10:03Z"
"#AL2 91 Octane (AAA)","al2-91-octane-aaa","AAA","aaa","215","AAA","0","active","https://cdn.shopify.com/s/files/1/0993/8236/2408/files/IMG_1415.jpg?v=1785829252","https://kypfpc-f5.myshopify.com/cdn/shop/videos/c/vp/4eb7ff85bb4649d394bedd43b3c3b9dc/4eb7ff85bb4649d394bedd43b3c3b9dc.HD-1080p-4.8Mbps-90702014.mp4","[""https://cdn.shopify.com/s/files/1/0993/8236/2408/files/IMG_1415.jpg?v=1785829252""]","[{""name"":""QP"",""price"":215,""inventory"":999},{""name"":""HP"",""price"":385,""inventory"":999},{""name"":""P"",""price"":675,""inventory"":999}]","[""hsl(43, 30%, 18%)"",""hsl(43, 40%, 35%)"",""hsl(43, 50%, 60%)""]","8.5/10👃 Sweet Gassy Fuel Nose Dense Squishy Texture #AL2 91 Octane (AAA) is available in the AAA catalog from FUELPACKS with live product images, video media when available, variant pricing, and a simple Telegram checkout handoff. This restored listing includes clean product details for shoppers comparing menu items, reviewing availability, choosing options, and sending prepared order details directly to the sales rep. Current variants include QP at $215.00, HP at $385.00, P at $675.00. The page includes optimized metadata, descriptive image alt text, a clean slug, pricing information, and product copy built for search visibility.","#AL2 91 Octane (AAA) | FUELPACKS AAA","#AL2 91 Octane (AAA) from FUELPACKS AAA. View images, video, variants, price, availability, and send your prepared order through Telegram checkout.","AAA; #AL2 91 Octane (AAA); FUELPACKS; Telegram ordering","/products/al2-91-octane-aaa","#AL2 91 Octane (AAA) product image from FUELPACKS","FUELPACKS","al2-91-octane-aaa","","","#AL2 91 Octane (AAA)","68","gid://shopify/Product/10372086792488","al2-91-octane-aaa","2026-08-04T07:41:18Z"
"#AG1 Ridgeline Runtz (AAA)","ag1-ridgeline-runtz-aaa","AAA","aaa","215","AAA","0","active","https://cdn.shopify.com/s/files/1/0993/8236/2408/files/IMG_1417.jpg?v=1785829313","https://kypfpc-f5.myshopify.com/cdn/shop/videos/c/vp/f4c70edd398b4eadbb8b812a43a8c412/f4c70edd398b4eadbb8b812a43a8c412.HD-1080p-4.8Mbps-90702103.mp4","[""https://cdn.shopify.com/s/files/1/0993/8236/2408/files/IMG_1417.jpg?v=1785829313""]","[{""name"":""QP"",""price"":215,""inventory"":999},{""name"":""HP"",""price"":385,""inventory"":999},{""name"":""P"",""price"":675,""inventory"":999}]","[""hsl(157, 30%, 18%)"",""hsl(157, 40%, 35%)"",""hsl(157, 50%, 60%)""]","8.5/10👃 Sweet Gassy Gelato Nose Dense Squishy Texture #AG1 Ridgeline Runtz (AAA) is available in the AAA catalog from FUELPACKS with live product images, video media when available, variant pricing, and a simple Telegram checkout handoff. This restored listing includes clean product details for shoppers comparing menu items, reviewing availability, choosing options, and sending prepared order details directly to the sales rep. Current variants include QP at $215.00, HP at $385.00, P at $675.00. The page includes optimized metadata, descriptive image alt text, a clean slug, pricing information, and product copy built for search visibility.","#AG1 Ridgeline Runtz (AAA) | FUELPACKS AAA","#AG1 Ridgeline Runtz (AAA) from FUELPACKS AAA. View images, video, variants, price, availability, and send your prepared order through Telegram checkout.","AAA; #AG1 Ridgeline Runtz (AAA); FUELPACKS; Telegram ordering","/products/ag1-ridgeline-runtz-aaa","#AG1 Ridgeline Runtz (AAA) product image from FUELPACKS","FUELPACKS","ag1-ridgeline-runtz-aaa","","","#AG1 Ridgeline Runtz (AAA)","69","gid://shopify/Product/10372089413928","ag1-ridgeline-runtz-aaa","2026-08-04T07:42:22Z"
"#BW3 Apple Fritter (Deps)","bw3-apple-fritter-deps","Deps","deps","195","Deps","0","active","https://cdn.shopify.com/s/files/1/0993/8236/2408/files/IMG_1498.jpg?v=1785829376","https://kypfpc-f5.myshopify.com/cdn/shop/videos/c/vp/c238604d3b9d40d6a7e01a46e0c5fd28/c238604d3b9d40d6a7e01a46e0c5fd28.HD-1080p-4.8Mbps-90702159.mp4","[""https://cdn.shopify.com/s/files/1/0993/8236/2408/files/IMG_1498.jpg?v=1785829376""]","[{""name"":""QP"",""price"":195,""inventory"":999},{""name"":""HP"",""price"":345,""inventory"":999},{""name"":""P"",""price"":590,""inventory"":999}]","[""hsl(65, 30%, 18%)"",""hsl(65, 40%, 35%)"",""hsl(65, 50%, 60%)""]","8.5/10👃 Gassy Apple Fritter Nose Dense Squishy Texture #BW3 Apple Fritter (Deps) is available in the Deps catalog from FUELPACKS with live product images, video media when available, variant pricing, and a simple Telegram checkout handoff. This restored listing includes clean product details for shoppers comparing menu items, reviewing availability, choosing options, and sending prepared order details directly to the sales rep. Current variants include QP at $195.00, HP at $345.00, P at $590.00. The page includes optimized metadata, descriptive image alt text, a clean slug, pricing information, and product copy built for search visibility.","#BW3 Apple Fritter (Deps) | FUELPACKS Deps","#BW3 Apple Fritter (Deps) from FUELPACKS Deps. View images, video, variants, price, availability, and send your prepared order through Telegram checkout.","Deps; #BW3 Apple Fritter (Deps); FUELPACKS; Telegram ordering","/products/bw3-apple-fritter-deps","#BW3 Apple Fritter (Deps) product image from FUELPACKS","FUELPACKS","bw3-apple-fritter-deps","","","#BW3 Apple Fritter (Deps)","70","gid://shopify/Product/10372092887336","bw3-apple-fritter-deps","2026-08-04T07:43:34Z"
"#CZ1 Zuyaqui (Indoor) (Zaza)","cz1-zuaqui-indoor-zaza","Exotic","exotic","400","Exotic","0","active","https://cdn.shopify.com/s/files/1/0993/8236/2408/files/IMG_2126.jpg?v=1785829519","https://kypfpc-f5.myshopify.com/cdn/shop/videos/c/vp/d68dfc79dd8341729d18faf9f5cab1ce/d68dfc79dd8341729d18faf9f5cab1ce.HD-1080p-4.8Mbps-90702285.mp4","[""https://cdn.shopify.com/s/files/1/0993/8236/2408/files/IMG_2126.jpg?v=1785829519""]","[{""name"":""QP"",""price"":400,""inventory"":999},{""name"":""HP"",""price"":750,""inventory"":999},{""name"":""P"",""price"":1400,""inventory"":999}]","[""hsl(69, 30%, 18%)"",""hsl(69, 40%, 35%)"",""hsl(69, 50%, 60%)""]","10/10👃 Licensed Indoors BRED BY R3TROWAVE👾 Lemon Cherry Candy Nose Soft Squishy Texture #CZ1 Zuyaqui (Indoor) (Zaza) is available in the Exotic catalog from FUELPACKS with live product images, video media when available, variant pricing, and a simple Telegram checkout handoff. This restored listing includes clean product details for shoppers comparing menu items, reviewing availability, choosing options, and sending prepared order details directly to the sales rep. Current variants include QP at $400.00, HP at $750.00, P at $1400.00. The page includes optimized metadata, descriptive image alt text, a clean slug, pricing information, and product copy built for search visibility.","#CZ1 Zuyaqui (Indoor) (Zaza) | FUELPACKS Exotic","#CZ1 Zuyaqui (Indoor) (Zaza) from FUELPACKS Exotic. View images, video, variants, price, availability, and send your prepared order through Telegram checkout.","Exotic; #CZ1 Zuyaqui (Indoor) (Zaza); FUELPACKS; Telegram ordering","/products/cz1-zuaqui-indoor-zaza","#CZ1 Zuyaqui (Indoor) (Zaza) product image from FUELPACKS","FUELPACKS","cz1-zuaqui-indoor-zaza","","","#CZ1 Zuyaqui (Indoor) (Zaza)","71","gid://shopify/Product/10372099801384","cz1-zuaqui-indoor-zaza","2026-08-04T07:45:47Z"
"#FA1 Bottega Bubba (Indoor)","fa1-bottega-bubba-indoor","Indoor","indoor","255","Indoor","0","active","https://cdn.shopify.com/s/files/1/0993/8236/2408/files/IMG_2128.jpg?v=1785829603","https://kypfpc-f5.myshopify.com/cdn/shop/videos/c/vp/08027a93572b48bba2b2e88b3bfc32f9/08027a93572b48bba2b2e88b3bfc32f9.HD-1080p-4.8Mbps-90702570.mp4","[""https://cdn.shopify.com/s/files/1/0993/8236/2408/files/IMG_2128.jpg?v=1785829603""]","[{""name"":""QP"",""price"":255,""inventory"":999},{""name"":""HP"",""price"":460,""inventory"":999},{""name"":""P"",""price"":825,""inventory"":999}]","[""hsl(108, 30%, 18%)"",""hsl(108, 40%, 35%)"",""hsl(108, 50%, 60%)""]","9/10👃 Sweet Gassy Bubba Nose Dense Squishy Texture #FA1 Bottega Bubba (Indoor) is available in the Indoor catalog from FUELPACKS with live product images, video media when available, variant pricing, and a simple Telegram checkout handoff. This restored listing includes clean product details for shoppers comparing menu items, reviewing availability, choosing options, and sending prepared order details directly to the sales rep. Current variants include QP at $255.00, HP at $460.00, P at $825.00. The page includes optimized metadata, descriptive image alt text, a clean slug, pricing information, and product copy built for search visibility.","#FA1 Bottega Bubba (Indoor) | FUELPACKS Indoor","#FA1 Bottega Bubba (Indoor) from FUELPACKS Indoor. View images, video, variants, price, availability, and send your prepared order through Telegram checkout.","Indoor; #FA1 Bottega Bubba (Indoor); FUELPACKS; Telegram ordering","/products/fa1-bottega-bubba-indoor","#FA1 Bottega Bubba (Indoor) product image from FUELPACKS","FUELPACKS","fa1-bottega-bubba-indoor","","","#FA1 Bottega Bubba (Indoor)","72","gid://shopify/Product/10372103799080","fa1-bottega-bubba-indoor","2026-08-04T07:47:12Z"
"#AY4 Hannah Montana (AAA)","ay4-hannah-montana-aaa","Special Deals","special-deals","500","Special Deals","0","active","https://cdn.shopify.com/s/files/1/0993/8236/2408/files/IMG_2102.jpg?v=1785919638","","[""https://cdn.shopify.com/s/files/1/0993/8236/2408/files/IMG_2102.jpg?v=1785919638""]","[{""name"":""11 oz"",""price"":500,""inventory"":999}]","[""hsl(172, 30%, 18%)"",""hsl(172, 40%, 35%)"",""hsl(172, 50%, 60%)""]","💰TRAP LORD SPECIAL💰 8.5/10👃 *ADD TO ORDER ONLY* Sweet Gassy Truffles Nose Dense Texture *NO ADDITIONAL DROPS* #AY4 Hannah Montana (AAA) is available in the Special Deals catalog from FUELPACKS with live product images, video media when available, variant pricing, and a simple Telegram checkout handoff. This restored listing includes clean product details for shoppers comparing menu items, reviewing availability, choosing options, and sending prepared order details directly to the sales rep. Current variants include 11 oz at $500.00. The page includes optimized metadata, descriptive image alt text, a clean slug, pricing information, and product copy built for search visibility.","#AY4 Hannah Montana (AAA) | FUELPACKS Special Deals","#AY4 Hannah Montana (AAA) from FUELPACKS Special Deals. View images, video, variants, price, availability, and send your prepared order through Telegram...","Special Deals; #AY4 Hannah Montana (AAA); FUELPACKS; Telegram ordering","/products/ay4-hannah-montana-aaa","#AY4 Hannah Montana (AAA) product image from FUELPACKS","FUELPACKS","ay4-hannah-montana-aaa","","","#AY4 Hannah Montana (AAA)","73","gid://shopify/Product/10373559320872","ay4-hannah-montana-aaa","2026-08-05T08:47:35Z"
"#EY4 Purple Bubba (Indoor)","ey4-purple-bubba-indoor","Indoor","indoor","265","Indoor","0","active","https://cdn.shopify.com/s/files/1/0993/8236/2408/files/IMG_2170.jpg?v=1785919890","https://kypfpc-f5.myshopify.com/cdn/shop/videos/c/vp/e42ff172c93b4efd9a7c78d9c833b4c0/e42ff172c93b4efd9a7c78d9c833b4c0.HD-1080p-4.8Mbps-90804190.mp4","[""https://cdn.shopify.com/s/files/1/0993/8236/2408/files/IMG_2170.jpg?v=1785919890""]","[{""name"":""QP"",""price"":265,""inventory"":999},{""name"":""HP"",""price"":485,""inventory"":999},{""name"":""P"",""price"":875,""inventory"":999}]","[""hsl(38, 30%, 18%)"",""hsl(38, 40%, 35%)"",""hsl(38, 50%, 60%)""]","9.5/10👃 Sweet Gassy Bubba Nose Dense Squishy Texture #EY4 Purple Bubba (Indoor) is available in the Indoor catalog from FUELPACKS with live product images, video media when available, variant pricing, and a simple Telegram checkout handoff. This restored listing includes clean product details for shoppers comparing menu items, reviewing availability, choosing options, and sending prepared order details directly to the sales rep. Current variants include QP at $265.00, HP at $485.00, P at $875.00. The page includes optimized metadata, descriptive image alt text, a clean slug, pricing information, and product copy built for search visibility.","#EY4 Purple Bubba (Indoor) | FUELPACKS Indoor","#EY4 Purple Bubba (Indoor) from FUELPACKS Indoor. View images, video, variants, price, availability, and send your prepared order through Telegram checkout.","Indoor; #EY4 Purple Bubba (Indoor); FUELPACKS; Telegram ordering","/products/ey4-purple-bubba-indoor","#EY4 Purple Bubba (Indoor) product image from FUELPACKS","FUELPACKS","ey4-purple-bubba-indoor","","","#EY4 Purple Bubba (Indoor)","74","gid://shopify/Product/10373559746856","ey4-purple-bubba-indoor","2026-08-05T08:51:42Z"
"#AW2 Uncle Snoop (Indoor)","aw2-uncle-snoop-indoor","Indoor","indoor","325","Indoor","0","active","https://cdn.shopify.com/s/files/1/0993/8236/2408/files/IMG_2174.jpg?v=1785920106","https://kypfpc-f5.myshopify.com/cdn/shop/videos/c/vp/6407d44bb48b4b81b8f98f0041c92a1b/6407d44bb48b4b81b8f98f0041c92a1b.HD-1080p-4.8Mbps-90804458.mp4","[""https://cdn.shopify.com/s/files/1/0993/8236/2408/files/IMG_2174.jpg?v=1785920106""]","[{""name"":""QP"",""price"":325,""inventory"":999},{""name"":""HP"",""price"":600,""inventory"":999},{""name"":""P"",""price"":1100,""inventory"":999}]","[""hsl(254, 30%, 18%)"",""hsl(254, 40%, 35%)"",""hsl(254, 50%, 60%)""]","9.5/10👃 Licensed Indoors Pungent Gassy Candy Nose Dense Squishy Texture #AW2 Uncle Snoop (Indoor) is available in the Indoor catalog from FUELPACKS with live product images, video media when available, variant pricing, and a simple Telegram checkout handoff. This restored listing includes clean product details for shoppers comparing menu items, reviewing availability, choosing options, and sending prepared order details directly to the sales rep. Current variants include QP at $325.00, HP at $600.00, P at $1100.00. The page includes optimized metadata, descriptive image alt text, a clean slug, pricing information, and product copy built for search visibility.","#AW2 Uncle Snoop (Indoor) | FUELPACKS Indoor","#AW2 Uncle Snoop (Indoor) from FUELPACKS Indoor. View images, video, variants, price, availability, and send your prepared order through Telegram checkout.","Indoor; #AW2 Uncle Snoop (Indoor); FUELPACKS; Telegram ordering","/products/aw2-uncle-snoop-indoor","#AW2 Uncle Snoop (Indoor) product image from FUELPACKS","FUELPACKS","aw2-uncle-snoop-indoor","","","#AW2 Uncle Snoop (Indoor)","75","gid://shopify/Product/10373560533288","aw2-uncle-snoop-indoor","2026-08-05T08:55:12Z"
"#AR3 Zoy Sauce (Indoor)","ar3-zoy-sauce-indoor","Indoor","indoor","310","Indoor","0","active","https://cdn.shopify.com/s/files/1/0993/8236/2408/files/IMG_2176.jpg?v=1785920243","https://kypfpc-f5.myshopify.com/cdn/shop/videos/c/vp/79f7b9951fb048b09e245393e21ab85c/79f7b9951fb048b09e245393e21ab85c.HD-1080p-4.8Mbps-90804617.mp4","[""https://cdn.shopify.com/s/files/1/0993/8236/2408/files/IMG_2176.jpg?v=1785920243""]","[{""name"":""QP"",""price"":310,""inventory"":999},{""name"":""HP"",""price"":575,""inventory"":999},{""name"":""P"",""price"":1050,""inventory"":999}]","[""hsl(275, 30%, 18%)"",""hsl(275, 40%, 35%)"",""hsl(275, 50%, 60%)""]","9/10👃 Gassy Lemon Candy Nose Dense Squishy Texture #AR3 Zoy Sauce (Indoor) is available in the Indoor catalog from FUELPACKS with live product images, video media when available, variant pricing, and a simple Telegram checkout handoff. This restored listing includes clean product details for shoppers comparing menu items, reviewing availability, choosing options, and sending prepared order details directly to the sales rep. Current variants include QP at $310.00, HP at $575.00, P at $1050.00. The page includes optimized metadata, descriptive image alt text, a clean slug, pricing information, and product copy built for search visibility.","#AR3 Zoy Sauce (Indoor) | FUELPACKS Indoor","#AR3 Zoy Sauce (Indoor) from FUELPACKS Indoor. View images, video, variants, price, availability, and send your prepared order through Telegram checkout.","Indoor; #AR3 Zoy Sauce (Indoor); FUELPACKS; Telegram ordering","/products/ar3-zoy-sauce-indoor","#AR3 Zoy Sauce (Indoor) product image from FUELPACKS","FUELPACKS","ar3-zoy-sauce-indoor","","","#AR3 Zoy Sauce (Indoor)","76","gid://shopify/Product/10373560893736","ar3-zoy-sauce-indoor","2026-08-05T08:58:15Z"
"#YV Authentic Whole Melts Live Resin Sugar Retro Edition","yv-authentic-whole-melts-live-resin-sugar-retro-edition","Concentrates","concentrates","90","Concentrates","0","active","https://cdn.shopify.com/s/files/1/0993/8236/2408/files/IMG_2181.jpg?v=1785994558","https://kypfpc-f5.myshopify.com/cdn/shop/videos/c/vp/6f2a33f33dab47ad8fd3856f78df0531/6f2a33f33dab47ad8fd3856f78df0531.HD-1080p-4.8Mbps-90892558.mp4","[""https://cdn.shopify.com/s/files/1/0993/8236/2408/files/IMG_2181.jpg?v=1785994558""]","[{""name"":""1 oz"",""price"":90,""inventory"":999},{""name"":""QP"",""price"":350,""inventory"":999},{""name"":""HP"",""price"":650,""inventory"":999},{""name"":""P"",""price"":1200,""inventory"":999}]","[""hsl(295, 30%, 18%)"",""hsl(295, 40%, 35%)"",""hsl(295, 50%, 60%)""]","*Anything Lower than QP is Add On Only* #YV Authentic Whole Melts Live Resin Sugar Retro Edition is available in the Concentrates catalog from FUELPACKS with live product images, video media when available, variant pricing, and a simple Telegram checkout handoff. This restored listing includes clean product details for shoppers comparing menu items, reviewing availability, choosing options, and sending prepared order details directly to the sales rep. Current variants include 1 oz at $90.00, QP at $350.00, HP at $650.00, P at $1200.00. The page includes optimized metadata, descriptive image alt text, a clean slug, pricing information, and product copy built for search visibility.","#YV Authentic Whole Melts Live Resin Sugar Retro Edition |","#YV Authentic Whole Melts Live Resin Sugar Retro Edition from FUELPACKS Concentrates. View images, video, variants, price, availability, and send your...","Concentrates; #YV Authentic Whole Melts Live Resin Sugar Retro Edition; FUELPACKS; Telegram ordering","/products/yv-authentic-whole-melts-live-resin-sugar-retro-edition","#YV Authentic Whole Melts Live Resin Sugar Retro Edition product image from FUELPACKS","FUELPACKS","yv-authentic-whole-melts-live-resin-sugar-retro-edition","","","#YV Authentic Whole Melts Live Resin Sugar Retro Edition","77","gid://shopify/Product/10374742835496","yv-authentic-whole-melts-live-resin-sugar-retro-edition","2026-08-06T05:40:20Z"
"#AM2 Pink Gushers (AAA)","am2-pink-gushers-aaa","Special Deals","special-deals","230","Special Deals","0","active","https://cdn.shopify.com/s/files/1/0993/8236/2408/files/IMG_2192.jpg?v=1785995770","https://kypfpc-f5.myshopify.com/cdn/shop/videos/c/vp/9f76eed07ea4419f9804d0b15fd8d1f7/9f76eed07ea4419f9804d0b15fd8d1f7.HD-1080p-4.8Mbps-90893627.mp4","[""https://cdn.shopify.com/s/files/1/0993/8236/2408/files/IMG_2192.jpg?v=1785995770""]","[{""name"":""QP"",""price"":230,""inventory"":999},{""name"":""HP"",""price"":410,""inventory"":999},{""name"":""P"",""price"":725,""inventory"":999}]","[""hsl(279, 30%, 18%)"",""hsl(279, 40%, 35%)"",""hsl(279, 50%, 60%)""]","🤑 FAT COME UP DEAL 🤑 8.5/10👃 Gassy Creamy Gushers Nose Dense Texture Add This Onto A 1 Unit Order And Get This For $700 Instead Add This Onto A 2 Unit Order And Get This For $675 Instead #AM2 Pink Gushers (AAA) is available in the Special Deals catalog from FUELPACKS with live product images, video media when available, variant pricing, and a simple Telegram checkout handoff. This restored listing includes clean product details for shoppers comparing menu items, reviewing availability, choosing options, and sending prepared order details directly to the sales rep. Current variants include QP at $230.00, HP at $410.00, P at $725.00. The page includes optimized metadata, descriptive image alt text, a clean slug, pricing information, and product copy built for search visibility.","#AM2 Pink Gushers (AAA) | FUELPACKS Special Deals","#AM2 Pink Gushers (AAA) from FUELPACKS Special Deals. View images, video, variants, price, availability, and send your prepared order through Telegram checkout.","Special Deals; #AM2 Pink Gushers (AAA); FUELPACKS; Telegram ordering","/products/am2-pink-gushers-aaa","#AM2 Pink Gushers (AAA) product image from FUELPACKS","FUELPACKS","am2-pink-gushers-aaa","","","#AM2 Pink Gushers (AAA)","78","gid://shopify/Product/10374771638568","am2-pink-gushers-aaa","2026-08-06T05:56:30Z"
"#AU2 Pineapple Fanta (AAA)","au2-pineapple-fanta-aaa","AAA","aaa","230","AAA","0","active","https://cdn.shopify.com/s/files/1/0993/8236/2408/files/IMG_2194.jpg?v=1785995930","https://kypfpc-f5.myshopify.com/cdn/shop/videos/c/vp/968f537c10c64804ae79d6da3b408b9a/968f537c10c64804ae79d6da3b408b9a.HD-1080p-4.8Mbps-90893783.mp4","[""https://cdn.shopify.com/s/files/1/0993/8236/2408/files/IMG_2194.jpg?v=1785995930""]","[{""name"":""QP"",""price"":230,""inventory"":999},{""name"":""HP"",""price"":410,""inventory"":999},{""name"":""P"",""price"":725,""inventory"":999}]","[""hsl(266, 30%, 18%)"",""hsl(266, 40%, 35%)"",""hsl(266, 50%, 60%)""]","8.5/10👃 Sweet Creamy Pineapple Nose Dense Texture #AU2 Pineapple Fanta (AAA) is available in the AAA catalog from FUELPACKS with live product images, video media when available, variant pricing, and a simple Telegram checkout handoff. This restored listing includes clean product details for shoppers comparing menu items, reviewing availability, choosing options, and sending prepared order details directly to the sales rep. Current variants include QP at $230.00, HP at $410.00, P at $725.00. The page includes optimized metadata, descriptive image alt text, a clean slug, pricing information, and product copy built for search visibility.","#AU2 Pineapple Fanta (AAA) | FUELPACKS AAA","#AU2 Pineapple Fanta (AAA) from FUELPACKS AAA. View images, video, variants, price, availability, and send your prepared order through Telegram checkout.","AAA; #AU2 Pineapple Fanta (AAA); FUELPACKS; Telegram ordering","/products/au2-pineapple-fanta-aaa","#AU2 Pineapple Fanta (AAA) product image from FUELPACKS","FUELPACKS","au2-pineapple-fanta-aaa","","","#AU2 Pineapple Fanta (AAA)","79","gid://shopify/Product/10374777438504","au2-pineapple-fanta-aaa","2026-08-06T05:59:12Z"
"#BT3 Curelato (AAA)","bt3-curelato-aaa","AAA","aaa","235","AAA","0","active","https://cdn.shopify.com/s/files/1/0993/8236/2408/files/IMG_2196_f0857db7-6c34-4479-9549-cbb2ab263ff1.jpg?v=1785996160","https://kypfpc-f5.myshopify.com/cdn/shop/videos/c/vp/9ec2d797688949acba960b7c8dc8bad5/9ec2d797688949acba960b7c8dc8bad5.HD-1080p-4.8Mbps-90894071.mp4","[""https://cdn.shopify.com/s/files/1/0993/8236/2408/files/IMG_2196_f0857db7-6c34-4479-9549-cbb2ab263ff1.jpg?v=1785996160""]","[{""name"":""QP"",""price"":235,""inventory"":999},{""name"":""HP"",""price"":425,""inventory"":999},{""name"":""P"",""price"":750,""inventory"":999}]","[""hsl(173, 30%, 18%)"",""hsl(173, 40%, 35%)"",""hsl(173, 50%, 60%)""]","8.5/10👃 Lemon Cherry Candy Nose Dense Texture #BT3 Curelato (AAA) is available in the AAA catalog from FUELPACKS with live product images, video media when available, variant pricing, and a simple Telegram checkout handoff. This restored listing includes clean product details for shoppers comparing menu items, reviewing availability, choosing options, and sending prepared order details directly to the sales rep. Current variants include QP at $235.00, HP at $425.00, P at $750.00. The page includes optimized metadata, descriptive image alt text, a clean slug, pricing information, and product copy built for search visibility.","#BT3 Curelato (AAA) | FUELPACKS AAA","#BT3 Curelato (AAA) from FUELPACKS AAA. View images, video, variants, price, availability, and send your prepared order through Telegram checkout.","AAA; #BT3 Curelato (AAA); FUELPACKS; Telegram ordering","/products/bt3-curelato-aaa","#BT3 Curelato (AAA) product image from FUELPACKS","FUELPACKS","bt3-curelato-aaa","","","#BT3 Curelato (AAA)","80","gid://shopify/Product/10374784647464","bt3-curelato-aaa","2026-08-06T06:03:03Z"
"#FQ1 Shake Yo Tiddies (Indoor)","fq1-shake-yo-tiddies-indoor","Indoor","indoor","150","Indoor","0","active","https://cdn.shopify.com/s/files/1/0993/8236/2408/files/IMG_2248.jpg?v=1786090517","","[""https://cdn.shopify.com/s/files/1/0993/8236/2408/files/IMG_2248.jpg?v=1786090517""]","[{""name"":""P"",""price"":150,""inventory"":999}]","[""hsl(263, 30%, 18%)"",""hsl(263, 40%, 35%)"",""hsl(263, 50%, 60%)""]","7/10👃 Faint Lemon Cherry Nose *ADD TO ORDER ONLY* *NO ADDITIONAL DROPS* *PRETTY LEAFY* #FQ1 Shake Yo Tiddies (Indoor) is available in the Indoor catalog from FUELPACKS with live product images, video media when available, variant pricing, and a simple Telegram checkout handoff. This restored listing includes clean product details for shoppers comparing menu items, reviewing availability, choosing options, and sending prepared order details directly to the sales rep. Current variants include P at $150.00. The page includes optimized metadata, descriptive image alt text, a clean slug, pricing information, and product copy built for search visibility.","#FQ1 Shake Yo Tiddies (Indoor) | FUELPACKS Indoor","#FQ1 Shake Yo Tiddies (Indoor) from FUELPACKS Indoor. View images, video, variants, price, availability, and send your prepared order through Telegram checkout.","Indoor; #FQ1 Shake Yo Tiddies (Indoor); FUELPACKS; Telegram ordering","/products/fq1-shake-yo-tiddies-indoor","#FQ1 Shake Yo Tiddies (Indoor) product image from FUELPACKS","FUELPACKS","fq1-shake-yo-tiddies-indoor","","","#FQ1 Shake Yo Tiddies (Indoor)","81","gid://shopify/Product/10383318909224","fq1-shake-yo-tiddies-indoor","2026-08-07T08:15:36Z"
"#AI4 Cherry Toro (Indoor)","ai4-cherry-toro-indoor","Indoor","indoor","300","Indoor","0","active","https://cdn.shopify.com/s/files/1/0993/8236/2408/files/IMG_2249.jpg?v=1786090571","https://kypfpc-f5.myshopify.com/cdn/shop/videos/c/vp/2ef74b16649e43299879fe48b865ab8d/2ef74b16649e43299879fe48b865ab8d.HD-1080p-4.8Mbps-91003146.mp4","[""https://cdn.shopify.com/s/files/1/0993/8236/2408/files/IMG_2249.jpg?v=1786090571""]","[{""name"":""QP"",""price"":300,""inventory"":999},{""name"":""HP"",""price"":550,""inventory"":999},{""name"":""P"",""price"":1000,""inventory"":999}]","[""hsl(269, 30%, 18%)"",""hsl(269, 40%, 35%)"",""hsl(269, 50%, 60%)""]","9/10👃 Pungent Lemon Candy Nose Soft Squishy Texture #AI4 Cherry Toro (Indoor) is available in the Indoor catalog from FUELPACKS with live product images, video media when available, variant pricing, and a simple Telegram checkout handoff. This restored listing includes clean product details for shoppers comparing menu items, reviewing availability, choosing options, and sending prepared order details directly to the sales rep. Current variants include QP at $300.00, HP at $550.00, P at $1000.00. The page includes optimized metadata, descriptive image alt text, a clean slug, pricing information, and product copy built for search visibility.","#AI4 Cherry Toro (Indoor) | FUELPACKS Indoor","#AI4 Cherry Toro (Indoor) from FUELPACKS Indoor. View images, video, variants, price, availability, and send your prepared order through Telegram checkout.","Indoor; #AI4 Cherry Toro (Indoor); FUELPACKS; Telegram ordering","/products/ai4-cherry-toro-indoor","#AI4 Cherry Toro (Indoor) product image from FUELPACKS","FUELPACKS","ai4-cherry-toro-indoor","","","#AI4 Cherry Toro (Indoor)","82","gid://shopify/Product/10383319105832","ai4-cherry-toro-indoor","2026-08-07T08:16:32Z"
"#AT2 Bubblegum Gerski (Indoor)","at2-bubblegum-gerski-indoor","Indoor","indoor","285","Indoor","0","active","https://cdn.shopify.com/s/files/1/0993/8236/2408/files/IMG_2251.jpg?v=1786090653","https://kypfpc-f5.myshopify.com/cdn/shop/videos/c/vp/b2f39de4f3bb44b68d9e8d9b6f88ee76/b2f39de4f3bb44b68d9e8d9b6f88ee76.HD-1080p-4.8Mbps-91003248.mp4","[""https://cdn.shopify.com/s/files/1/0993/8236/2408/files/IMG_2251.jpg?v=1786090653""]","[{""name"":""QP"",""price"":285,""inventory"":999},{""name"":""HP"",""price"":525,""inventory"":999},{""name"":""P"",""price"":950,""inventory"":999}]","[""hsl(251, 30%, 18%)"",""hsl(251, 40%, 35%)"",""hsl(251, 50%, 60%)""]","9/10👃 Gassy Bubblegum Candy Nose Dense Squishy Texture #AT2 Bubblegum Gerski (Indoor) is available in the Indoor catalog from FUELPACKS with live product images, video media when available, variant pricing, and a simple Telegram checkout handoff. This restored listing includes clean product details for shoppers comparing menu items, reviewing availability, choosing options, and sending prepared order details directly to the sales rep. Current variants include QP at $285.00, HP at $525.00, P at $950.00. The page includes optimized metadata, descriptive image alt text, a clean slug, pricing information, and product copy built for search visibility.","#AT2 Bubblegum Gerski (Indoor) | FUELPACKS Indoor","#AT2 Bubblegum Gerski (Indoor) from FUELPACKS Indoor. View images, video, variants, price, availability, and send your prepared order through Telegram checkout.","Indoor; #AT2 Bubblegum Gerski (Indoor); FUELPACKS; Telegram ordering","/products/at2-bubblegum-gerski-indoor","#AT2 Bubblegum Gerski (Indoor) product image from FUELPACKS","FUELPACKS","at2-bubblegum-gerski-indoor","","","#AT2 Bubblegum Gerski (Indoor)","83","gid://shopify/Product/10383319695656","at2-bubblegum-gerski-indoor","2026-08-07T08:18:03Z"
"#AB1 White Cherry Sherbet (Deps)","ab1-white-cherry-sherbet-deps","Deps","deps","185","Deps","0","active","https://cdn.shopify.com/s/files/1/0993/8236/2408/files/IMG_2255.jpg?v=1786090806","https://kypfpc-f5.myshopify.com/cdn/shop/videos/c/vp/7b6b9c8b6b884b7aba30b40dca17b2e2/7b6b9c8b6b884b7aba30b40dca17b2e2.HD-1080p-4.8Mbps-91003442.mp4","[""https://cdn.shopify.com/s/files/1/0993/8236/2408/files/IMG_2255.jpg?v=1786090806""]","[{""name"":""QP"",""price"":185,""inventory"":999},{""name"":""HP"",""price"":325,""inventory"":999},{""name"":""P"",""price"":550,""inventory"":999}]","[""hsl(29, 30%, 18%)"",""hsl(29, 40%, 35%)"",""hsl(29, 50%, 60%)""]","8/10👃 Faint Lemon Cherry Nose Dense Texture *NO ADDITIONAL DROPS* #AB1 White Cherry Sherbet (Deps) is available in the Deps catalog from FUELPACKS with live product images, video media when available, variant pricing, and a simple Telegram checkout handoff. This restored listing includes clean product details for shoppers comparing menu items, reviewing availability, choosing options, and sending prepared order details directly to the sales rep. Current variants include QP at $185.00, HP at $325.00, P at $550.00. The page includes optimized metadata, descriptive image alt text, a clean slug, pricing information, and product copy built for search visibility.","#AB1 White Cherry Sherbet (Deps) | FUELPACKS Deps","#AB1 White Cherry Sherbet (Deps) from FUELPACKS Deps. View images, video, variants, price, availability, and send your prepared order through Telegram checkout.","Deps; #AB1 White Cherry Sherbet (Deps); FUELPACKS; Telegram ordering","/products/ab1-white-cherry-sherbet-deps","#AB1 White Cherry Sherbet (Deps) product image from FUELPACKS","FUELPACKS","ab1-white-cherry-sherbet-deps","","","#AB1 White Cherry Sherbet (Deps)","84","gid://shopify/Product/10383320219944","ab1-white-cherry-sherbet-deps","2026-08-07T08:20:29Z"
"#AC3 Double Up Runtz (Deps)","ac3-double-up-runtz-deps","Deps","deps","170","Deps","0","active","https://cdn.shopify.com/s/files/1/0993/8236/2408/files/IMG_2257.jpg?v=1786090879","https://kypfpc-f5.myshopify.com/cdn/shop/videos/c/vp/b9521d97b7d4430ca300e0579fb22a4a/b9521d97b7d4430ca300e0579fb22a4a.HD-1080p-4.8Mbps-91003537.mp4","[""https://cdn.shopify.com/s/files/1/0993/8236/2408/files/IMG_2257.jpg?v=1786090879""]","[{""name"":""QP"",""price"":170,""inventory"":999},{""name"":""HP"",""price"":285,""inventory"":999},{""name"":""P"",""price"":475,""inventory"":999}]","[""hsl(154, 30%, 18%)"",""hsl(154, 40%, 35%)"",""hsl(154, 50%, 60%)""]","8/10👃 Sweet Cherry Gelato Nose Fluffy Texture *NO ADDITIONAL DROPS* #AC3 Double Up Runtz (Deps) is available in the Deps catalog from FUELPACKS with live product images, video media when available, variant pricing, and a simple Telegram checkout handoff. This restored listing includes clean product details for shoppers comparing menu items, reviewing availability, choosing options, and sending prepared order details directly to the sales rep. Current variants include QP at $170.00, HP at $285.00, P at $475.00. The page includes optimized metadata, descriptive image alt text, a clean slug, pricing information, and product copy built for search visibility.","#AC3 Double Up Runtz (Deps) | FUELPACKS Deps","#AC3 Double Up Runtz (Deps) from FUELPACKS Deps. View images, video, variants, price, availability, and send your prepared order through Telegram checkout.","Deps; #AC3 Double Up Runtz (Deps); FUELPACKS; Telegram ordering","/products/ac3-double-up-runtz-deps","#AC3 Double Up Runtz (Deps) product image from FUELPACKS","FUELPACKS","ac3-double-up-runtz-deps","","","#AC3 Double Up Runtz (Deps)","85","gid://shopify/Product/10383320514856","ac3-double-up-runtz-deps","2026-08-07T08:21:42Z"
"#BD4 Priority Zmoke (Indoor) (Zaza)","bd4-priority-zmoke-indoor-zaza","Exotic","exotic","360","Exotic","0","active","https://cdn.shopify.com/s/files/1/0993/8236/2408/files/IMG_2261.jpg?v=1786091025","https://kypfpc-f5.myshopify.com/cdn/shop/videos/c/vp/77e7d1dc013d4acaa5d28c5ae392f8c5/77e7d1dc013d4acaa5d28c5ae392f8c5.HD-1080p-4.8Mbps-91003706.mp4","[""https://cdn.shopify.com/s/files/1/0993/8236/2408/files/IMG_2261.jpg?v=1786091025""]","[{""name"":""QP"",""price"":360,""inventory"":999},{""name"":""HP"",""price"":675,""inventory"":999},{""name"":""P"",""price"":1250,""inventory"":999}]","[""hsl(59, 30%, 18%)"",""hsl(59, 40%, 35%)"",""hsl(59, 50%, 60%)""]","10/10👃 Licensed Indoors BRED BY BACKPACK BOYZ🎒 Pungent Bubblegum Candy Nose Soft Squishy Texture #BD4 Priority Zmoke (Indoor) (Zaza) is available in the Exotic catalog from FUELPACKS with live product images, video media when available, variant pricing, and a simple Telegram checkout handoff. This restored listing includes clean product details for shoppers comparing menu items, reviewing availability, choosing options, and sending prepared order details directly to the sales rep. Current variants include QP at $360.00, HP at $675.00, P at $1250.00. The page includes optimized metadata, descriptive image alt text, a clean slug, pricing information, and product copy built for search visibility.","#BD4 Priority Zmoke (Indoor) (Zaza) | FUELPACKS Exotic","#BD4 Priority Zmoke (Indoor) (Zaza) from FUELPACKS Exotic. View images, video, variants, price, availability, and send your prepared order through...","Exotic; #BD4 Priority Zmoke (Indoor) (Zaza); FUELPACKS; Telegram ordering","/products/bd4-priority-zmoke-indoor-zaza","#BD4 Priority Zmoke (Indoor) (Zaza) product image from FUELPACKS","FUELPACKS","bd4-priority-zmoke-indoor-zaza","","","#BD4 Priority Zmoke (Indoor) (Zaza)","86","gid://shopify/Product/10383320973608","bd4-priority-zmoke-indoor-zaza","2026-08-07T08:24:05Z"
"#AV3 Mystery Airheads (Indoor)","av3-mystery-airheads-indoor","Indoor","indoor","325","Indoor","0","active","https://cdn.shopify.com/s/files/1/0993/8236/2408/files/IMG_2265.jpg?v=1786203048","https://kypfpc-f5.myshopify.com/cdn/shop/videos/c/vp/9985d207847c4de59c0ca6678f538af9/9985d207847c4de59c0ca6678f538af9.HD-1080p-4.8Mbps-91105210.mp4","[""https://cdn.shopify.com/s/files/1/0993/8236/2408/files/IMG_2265.jpg?v=1786203048""]","[{""name"":""QP"",""price"":325,""inventory"":999},{""name"":""HP"",""price"":600,""inventory"":999},{""name"":""P"",""price"":1100,""inventory"":999}]","[""hsl(82, 30%, 18%)"",""hsl(82, 40%, 35%)"",""hsl(82, 50%, 60%)""]","9.5/10👃 Licensed Indoors Pungent Bubblegum Candy Nose Dense Squishy Texture #AV3 Mystery Airheads (Indoor) is available in the Indoor catalog from FUELPACKS with live product images, video media when available, variant pricing, and a simple Telegram checkout handoff. This restored listing includes clean product details for shoppers comparing menu items, reviewing availability, choosing options, and sending prepared order details directly to the sales rep. Current variants include QP at $325.00, HP at $600.00, P at $1100.00. The page includes optimized metadata, descriptive image alt text, a clean slug, pricing information, and product copy built for search visibility.","#AV3 Mystery Airheads (Indoor) | FUELPACKS Indoor","#AV3 Mystery Airheads (Indoor) from FUELPACKS Indoor. View images, video, variants, price, availability, and send your prepared order through Telegram checkout.","Indoor; #AV3 Mystery Airheads (Indoor); FUELPACKS; Telegram ordering","/products/av3-mystery-airheads-indoor","#AV3 Mystery Airheads (Indoor) product image from FUELPACKS","FUELPACKS","av3-mystery-airheads-indoor","","","#AV3 Mystery Airheads (Indoor)","87","gid://shopify/Product/10388071645480","av3-mystery-airheads-indoor","2026-08-08T15:31:08Z"
"#AZ1 PenguinZ (Indoor)","az1-penguinz-indoor","Indoor","indoor","310","Indoor","0","active","https://cdn.shopify.com/s/files/1/0993/8236/2408/files/IMG_2267.jpg?v=1786203124","https://kypfpc-f5.myshopify.com/cdn/shop/videos/c/vp/65c69c851ac4475c8b33c610f67412d5/65c69c851ac4475c8b33c610f67412d5.HD-1080p-4.8Mbps-91105294.mp4","[""https://cdn.shopify.com/s/files/1/0993/8236/2408/files/IMG_2267.jpg?v=1786203124""]","[{""name"":""QP"",""price"":310,""inventory"":999},{""name"":""HP"",""price"":575,""inventory"":999},{""name"":""P"",""price"":1075,""inventory"":999}]","[""hsl(253, 30%, 18%)"",""hsl(253, 40%, 35%)"",""hsl(253, 50%, 60%)""]","9.5/10👃 Licensed Indoors BRED BY B EAZY🌈 Pungent Lemon Zkittles Nose Dense Squishy Texture #AZ1 PenguinZ (Indoor) is available in the Indoor catalog from FUELPACKS with live product images, video media when available, variant pricing, and a simple Telegram checkout handoff. This restored listing includes clean product details for shoppers comparing menu items, reviewing availability, choosing options, and sending prepared order details directly to the sales rep. Current variants include QP at $310.00, HP at $575.00, P at $1075.00. The page includes optimized metadata, descriptive image alt text, a clean slug, pricing information, and product copy built for search visibility.","#AZ1 PenguinZ (Indoor) | FUELPACKS Indoor","#AZ1 PenguinZ (Indoor) from FUELPACKS Indoor. View images, video, variants, price, availability, and send your prepared order through Telegram checkout.","Indoor; #AZ1 PenguinZ (Indoor); FUELPACKS; Telegram ordering","/products/az1-penguinz-indoor","#AZ1 PenguinZ (Indoor) product image from FUELPACKS","FUELPACKS","az1-penguinz-indoor","","","#AZ1 PenguinZ (Indoor)","88","gid://shopify/Product/10388072268072","az1-penguinz-indoor","2026-08-08T15:32:23Z"
"#BU1 Street Tartz (Indoor)","bu1-street-tartz-indoor","Indoor","indoor","330","Indoor","0","active","https://cdn.shopify.com/s/files/1/0993/8236/2408/files/IMG_2269.jpg?v=1786203222","https://kypfpc-f5.myshopify.com/cdn/shop/videos/c/vp/eb1061fd6f6f468fbeb7e449b44a1f58/eb1061fd6f6f468fbeb7e449b44a1f58.HD-1080p-4.8Mbps-91105359.mp4","[""https://cdn.shopify.com/s/files/1/0993/8236/2408/files/IMG_2269.jpg?v=1786203222""]","[{""name"":""QP"",""price"":330,""inventory"":999},{""name"":""HP"",""price"":610,""inventory"":999},{""name"":""P"",""price"":1125,""inventory"":999}]","[""hsl(96, 30%, 18%)"",""hsl(96, 40%, 35%)"",""hsl(96, 50%, 60%)""]","10/10👃 Licensed Indoors Lemon Cherry Candy Nose Dense Squishy Texture #BU1 Street Tartz (Indoor) is available in the Indoor catalog from FUELPACKS with live product images, video media when available, variant pricing, and a simple Telegram checkout handoff. This restored listing includes clean product details for shoppers comparing menu items, reviewing availability, choosing options, and sending prepared order details directly to the sales rep. Current variants include QP at $330.00, HP at $610.00, P at $1125.00. The page includes optimized metadata, descriptive image alt text, a clean slug, pricing information, and product copy built for search visibility.","#BU1 Street Tartz (Indoor) | FUELPACKS Indoor","#BU1 Street Tartz (Indoor) from FUELPACKS Indoor. View images, video, variants, price, availability, and send your prepared order through Telegram checkout.","Indoor; #BU1 Street Tartz (Indoor); FUELPACKS; Telegram ordering","/products/bu1-street-tartz-indoor","#BU1 Street Tartz (Indoor) product image from FUELPACKS","FUELPACKS","bu1-street-tartz-indoor","","","#BU1 Street Tartz (Indoor)","89","gid://shopify/Product/10388073021736","bu1-street-tartz-indoor","2026-08-08T15:34:12Z"
"#BS2 Dino Candy (Indoor)","bs2-dino-candy-indoor","Indoor","indoor","305","Indoor","0","active","https://cdn.shopify.com/s/files/1/0993/8236/2408/files/IMG_2271.jpg?v=1786203296","https://kypfpc-f5.myshopify.com/cdn/shop/videos/c/vp/367ef1e06f504097b6dea315d8a1ef11/367ef1e06f504097b6dea315d8a1ef11.HD-1080p-4.8Mbps-91105427.mp4","[""https://cdn.shopify.com/s/files/1/0993/8236/2408/files/IMG_2271.jpg?v=1786203296""]","[{""name"":""QP"",""price"":305,""inventory"":999},{""name"":""HP"",""price"":560,""inventory"":999},{""name"":""P"",""price"":1025,""inventory"":999}]","[""hsl(134, 30%, 18%)"",""hsl(134, 40%, 35%)"",""hsl(134, 50%, 60%)""]","9/10👃 Gassy Lemon Cherry Nose Dense Squishy Texture #BS2 Dino Candy (Indoor) is available in the Indoor catalog from FUELPACKS with live product images, video media when available, variant pricing, and a simple Telegram checkout handoff. This restored listing includes clean product details for shoppers comparing menu items, reviewing availability, choosing options, and sending prepared order details directly to the sales rep. Current variants include QP at $305.00, HP at $560.00, P at $1025.00. The page includes optimized metadata, descriptive image alt text, a clean slug, pricing information, and product copy built for search visibility.","#BS2 Dino Candy (Indoor) | FUELPACKS Indoor","#BS2 Dino Candy (Indoor) from FUELPACKS Indoor. View images, video, variants, price, availability, and send your prepared order through Telegram checkout.","Indoor; #BS2 Dino Candy (Indoor); FUELPACKS; Telegram ordering","/products/bs2-dino-candy-indoor","#BS2 Dino Candy (Indoor) product image from FUELPACKS","FUELPACKS","bs2-dino-candy-indoor","","","#BS2 Dino Candy (Indoor)","90","gid://shopify/Product/10388073382184","bs2-dino-candy-indoor","2026-08-08T15:35:23Z"
"#BN4 Zahiti (Indoor)","bn4-zahiti-indoor","Indoor","indoor","310","Indoor","0","active","https://cdn.shopify.com/s/files/1/0993/8236/2408/files/IMG_2287.jpg?v=1786262988","https://kypfpc-f5.myshopify.com/cdn/shop/videos/c/vp/fb648bbe1c1e4e8b99299017e694f5d9/fb648bbe1c1e4e8b99299017e694f5d9.HD-1080p-4.8Mbps-91140455.mp4","[""https://cdn.shopify.com/s/files/1/0993/8236/2408/files/IMG_2287.jpg?v=1786262988""]","[{""name"":""QP"",""price"":310,""inventory"":999},{""name"":""HP"",""price"":575,""inventory"":999},{""name"":""P"",""price"":1050,""inventory"":999}]","[""hsl(230, 30%, 18%)"",""hsl(230, 40%, 35%)"",""hsl(230, 50%, 60%)""]","9.5/10👃 Licensed Indoors Lemon Cherry Candy Nose Soft Squishy Texture #BN4 Zahiti (Indoor) is available in the Indoor catalog from FUELPACKS with live product images, video media when available, variant pricing, and a simple Telegram checkout handoff. This restored listing includes clean product details for shoppers comparing menu items, reviewing availability, choosing options, and sending prepared order details directly to the sales rep. Current variants include QP at $310.00, HP at $575.00, P at $1050.00. The page includes optimized metadata, descriptive image alt text, a clean slug, pricing information, and product copy built for search visibility.","#BN4 Zahiti (Indoor) | FUELPACKS Indoor","#BN4 Zahiti (Indoor) from FUELPACKS Indoor. View images, video, variants, price, availability, and send your prepared order through Telegram checkout.","Indoor; #BN4 Zahiti (Indoor); FUELPACKS; Telegram ordering","/products/bn4-zahiti-indoor","#BN4 Zahiti (Indoor) product image from FUELPACKS","FUELPACKS","bn4-zahiti-indoor","","","#BN4 Zahiti (Indoor)","91","gid://shopify/Product/10388922794280","bn4-zahiti-indoor","2026-08-09T08:10:10Z"
"#BP3 Rainbow Push Pop (Indoor)","bp3-rainbow-push-pop-indoor","Indoor","indoor","300","Indoor","0","active","https://cdn.shopify.com/s/files/1/0993/8236/2408/files/IMG_2289.jpg?v=1786263055","https://kypfpc-f5.myshopify.com/cdn/shop/videos/c/vp/57a55644c4924051a7b1697856b723d7/57a55644c4924051a7b1697856b723d7.HD-1080p-4.8Mbps-91140480.mp4","[""https://cdn.shopify.com/s/files/1/0993/8236/2408/files/IMG_2289.jpg?v=1786263055""]","[{""name"":""QP"",""price"":300,""inventory"":999},{""name"":""HP"",""price"":550,""inventory"":999},{""name"":""P"",""price"":1000,""inventory"":999}]","[""hsl(331, 30%, 18%)"",""hsl(331, 40%, 35%)"",""hsl(331, 50%, 60%)""]","9.5/10👃 Pungent Gassy Gelato Nose Dense Squishy Texture #BP3 Rainbow Push Pop (Indoor) is available in the Indoor catalog from FUELPACKS with live product images, video media when available, variant pricing, and a simple Telegram checkout handoff. This restored listing includes clean product details for shoppers comparing menu items, reviewing availability, choosing options, and sending prepared order details directly to the sales rep. Current variants include QP at $300.00, HP at $550.00, P at $1000.00. The page includes optimized metadata, descriptive image alt text, a clean slug, pricing information, and product copy built for search visibility.","#BP3 Rainbow Push Pop (Indoor) | FUELPACKS Indoor","#BP3 Rainbow Push Pop (Indoor) from FUELPACKS Indoor. View images, video, variants, price, availability, and send your prepared order through Telegram checkout.","Indoor; #BP3 Rainbow Push Pop (Indoor); FUELPACKS; Telegram ordering","/products/bp3-rainbow-push-pop-indoor","#BP3 Rainbow Push Pop (Indoor) product image from FUELPACKS","FUELPACKS","bp3-rainbow-push-pop-indoor","","","#BP3 Rainbow Push Pop (Indoor)","92","gid://shopify/Product/10388922958120","bp3-rainbow-push-pop-indoor","2026-08-09T08:11:17Z"
"#AE3 41 Cherries Mediums (Indoor) (Mediums)","ae3-41-cherries-mediums-indoor-mediums","SMALLS/MEDIUMS","smalls-mediums","290","SMALLS/MEDIUMS","0","active","https://cdn.shopify.com/s/files/1/0993/8236/2408/files/IMG_1419.jpg?v=1786263132","https://kypfpc-f5.myshopify.com/cdn/shop/videos/c/vp/6591b2e9d22d45f28d9346f83d3164b3/6591b2e9d22d45f28d9346f83d3164b3.HD-1080p-4.8Mbps-91140514.mp4","[""https://cdn.shopify.com/s/files/1/0993/8236/2408/files/IMG_1419.jpg?v=1786263132""]","[{""name"":""QP"",""price"":290,""inventory"":999},{""name"":""HP"",""price"":535,""inventory"":999},{""name"":""P"",""price"":975,""inventory"":999}]","[""hsl(215, 30%, 18%)"",""hsl(215, 40%, 35%)"",""hsl(215, 50%, 60%)""]","9.5/10👃 Licensed Mediums Pungent Cherry Candy Nose Soft Squishy Texture #AE3 41 Cherries Mediums (Indoor) (Mediums) is available in the SMALLS/MEDIUMS catalog from FUELPACKS with live product images, video media when available, variant pricing, and a simple Telegram checkout handoff. This restored listing includes clean product details for shoppers comparing menu items, reviewing availability, choosing options, and sending prepared order details directly to the sales rep. Current variants include QP at $290.00, HP at $535.00, P at $975.00. The page includes optimized metadata, descriptive image alt text, a clean slug, pricing information, and product copy built for search visibility.","#AE3 41 Cherries Mediums (Indoor) (Mediums) | FUELPACKS","#AE3 41 Cherries Mediums (Indoor) (Mediums) from FUELPACKS SMALLS/MEDIUMS. View images, video, variants, price, availability, and send your prepared...","SMALLS/MEDIUMS; #AE3 41 Cherries Mediums (Indoor) (Mediums); FUELPACKS; Telegram ordering","/products/ae3-41-cherries-mediums-indoor-mediums","#AE3 41 Cherries Mediums (Indoor) (Mediums) product image from FUELPACKS","FUELPACKS","ae3-41-cherries-mediums-indoor-mediums","","","#AE3 41 Cherries Mediums (Indoor) (Mediums)","93","gid://shopify/Product/10388923154728","ae3-41-cherries-mediums-indoor-mediums","2026-08-09T08:12:37Z"
"#DK2 Golden Goose (AAA)","dk2-golden-goose-aaa","Special Deals","special-deals","225","Special Deals","0","active","https://cdn.shopify.com/s/files/1/0993/8236/2408/files/IMG_1488.jpg?v=1786369742","","[""https://cdn.shopify.com/s/files/1/0993/8236/2408/files/IMG_1488.jpg?v=1786369742""]","[{""name"":""4 oz"",""price"":225,""inventory"":999}]","[""hsl(155, 30%, 18%)"",""hsl(155, 40%, 35%)"",""hsl(155, 50%, 60%)""]","💰TRAP LORD SPECIAL💰 8.5/10👃 *ADD TO ORDER ONLY* Sweet Creamy Gelato Nose Dense Squishy Texture *NO ADDITIONAL DROPS* #DK2 Golden Goose (AAA) is available in the Special Deals catalog from FUELPACKS with live product images, video media when available, variant pricing, and a simple Telegram checkout handoff. This restored listing includes clean product details for shoppers comparing menu items, reviewing availability, choosing options, and sending prepared order details directly to the sales rep. Current variants include 4 oz at $225.00. The page includes optimized metadata, descriptive image alt text, a clean slug, pricing information, and product copy built for search visibility.","#DK2 Golden Goose (AAA) | FUELPACKS Special Deals","#DK2 Golden Goose (AAA) from FUELPACKS Special Deals. View images, video, variants, price, availability, and send your prepared order through Telegram checkout.","Special Deals; #DK2 Golden Goose (AAA); FUELPACKS; Telegram ordering","/products/dk2-golden-goose-aaa","#DK2 Golden Goose (AAA) product image from FUELPACKS","FUELPACKS","dk2-golden-goose-aaa","","","#DK2 Golden Goose (AAA)","94","gid://shopify/Product/10390016852264","dk2-golden-goose-aaa","2026-08-10T13:49:28Z"
"#BR1 Wham (Indoor)","br1-wham-indoor","Indoor","indoor","305","Indoor","0","active","https://cdn.shopify.com/s/files/1/0993/8236/2408/files/IMG_2307.jpg?v=1786369955","https://kypfpc-f5.myshopify.com/cdn/shop/videos/c/vp/21db00a0214a4850965883c5c07cfac0/21db00a0214a4850965883c5c07cfac0.HD-1080p-4.8Mbps-91227661.mp4","[""https://cdn.shopify.com/s/files/1/0993/8236/2408/files/IMG_2307.jpg?v=1786369955""]","[{""name"":""QP"",""price"":305,""inventory"":999},{""name"":""HP"",""price"":560,""inventory"":999},{""name"":""P"",""price"":1025,""inventory"":999}]","[""hsl(111, 30%, 18%)"",""hsl(111, 40%, 35%)"",""hsl(111, 50%, 60%)""]","9.5/10👃 Licensed Indoors Cherry Bubblegum Candy Nose Soft Squishy Texture #BR1 Wham (Indoor) is available in the Indoor catalog from FUELPACKS with live product images, video media when available, variant pricing, and a simple Telegram checkout handoff. This restored listing includes clean product details for shoppers comparing menu items, reviewing availability, choosing options, and sending prepared order details directly to the sales rep. Current variants include QP at $305.00, HP at $560.00, P at $1025.00. The page includes optimized metadata, descriptive image alt text, a clean slug, pricing information, and product copy built for search visibility.","#BR1 Wham (Indoor) | FUELPACKS Indoor","#BR1 Wham (Indoor) from FUELPACKS Indoor. View images, video, variants, price, availability, and send your prepared order through Telegram checkout.","Indoor; #BR1 Wham (Indoor); FUELPACKS; Telegram ordering","/products/br1-wham-indoor","#BR1 Wham (Indoor) product image from FUELPACKS","FUELPACKS","br1-wham-indoor","","","#BR1 Wham (Indoor)","95","gid://shopify/Product/10390017671464","br1-wham-indoor","2026-08-10T13:52:59Z"
"#BL3 Sundae Driver (AAA)","bl3-sundae-driver-aaa","AAA","aaa","225","AAA","0","active","https://cdn.shopify.com/s/files/1/0993/8236/2408/files/IMG_2309.jpg?v=1786370026","https://kypfpc-f5.myshopify.com/cdn/shop/videos/c/vp/49af9a79329c4eac8770175c17fc1109/49af9a79329c4eac8770175c17fc1109.HD-1080p-4.8Mbps-91227737.mp4","[""https://cdn.shopify.com/s/files/1/0993/8236/2408/files/IMG_2309.jpg?v=1786370026""]","[{""name"":""QP"",""price"":225,""inventory"":999},{""name"":""HP"",""price"":400,""inventory"":999},{""name"":""P"",""price"":700,""inventory"":999}]","[""hsl(161, 30%, 18%)"",""hsl(161, 40%, 35%)"",""hsl(161, 50%, 60%)""]","9/10👃 Sweet Gassy ICC Nose Dense Squishy Texture #BL3 Sundae Driver (AAA) is available in the AAA catalog from FUELPACKS with live product images, video media when available, variant pricing, and a simple Telegram checkout handoff. This restored listing includes clean product details for shoppers comparing menu items, reviewing availability, choosing options, and sending prepared order details directly to the sales rep. Current variants include QP at $225.00, HP at $400.00, P at $700.00. The page includes optimized metadata, descriptive image alt text, a clean slug, pricing information, and product copy built for search visibility.","#BL3 Sundae Driver (AAA) | FUELPACKS AAA","#BL3 Sundae Driver (AAA) from FUELPACKS AAA. View images, video, variants, price, availability, and send your prepared order through Telegram checkout.","AAA; #BL3 Sundae Driver (AAA); FUELPACKS; Telegram ordering","/products/bl3-sundae-driver-aaa","#BL3 Sundae Driver (AAA) product image from FUELPACKS","FUELPACKS","bl3-sundae-driver-aaa","","","#BL3 Sundae Driver (AAA)","96","gid://shopify/Product/10390017933608","bl3-sundae-driver-aaa","2026-08-10T13:54:07Z"
"#BF4 Cherry Slushee (AAA)","bf4-cherry-slushee-aaa","AAA","aaa","215","AAA","0","active","https://cdn.shopify.com/s/files/1/0993/8236/2408/files/IMG_2311.jpg?v=1786370085","https://kypfpc-f5.myshopify.com/cdn/shop/videos/c/vp/3f64dcef03614d3aadfc16cddce80ee7/3f64dcef03614d3aadfc16cddce80ee7.HD-1080p-4.8Mbps-91227788.mp4","[""https://cdn.shopify.com/s/files/1/0993/8236/2408/files/IMG_2311.jpg?v=1786370085""]","[{""name"":""QP"",""price"":215,""inventory"":999},{""name"":""HP"",""price"":385,""inventory"":999},{""name"":""P"",""price"":675,""inventory"":999}]","[""hsl(150, 30%, 18%)"",""hsl(150, 40%, 35%)"",""hsl(150, 50%, 60%)""]","8.5/10👃 Sweet Cherry Candy Nose Dense Squishy Texture #BF4 Cherry Slushee (AAA) is available in the AAA catalog from FUELPACKS with live product images, video media when available, variant pricing, and a simple Telegram checkout handoff. This restored listing includes clean product details for shoppers comparing menu items, reviewing availability, choosing options, and sending prepared order details directly to the sales rep. Current variants include QP at $215.00, HP at $385.00, P at $675.00. The page includes optimized metadata, descriptive image alt text, a clean slug, pricing information, and product copy built for search visibility.","#BF4 Cherry Slushee (AAA) | FUELPACKS AAA","#BF4 Cherry Slushee (AAA) from FUELPACKS AAA. View images, video, variants, price, availability, and send your prepared order through Telegram checkout.","AAA; #BF4 Cherry Slushee (AAA); FUELPACKS; Telegram ordering","/products/bf4-cherry-slushee-aaa","#BF4 Cherry Slushee (AAA) product image from FUELPACKS","FUELPACKS","bf4-cherry-slushee-aaa","","","#BF4 Cherry Slushee (AAA)","97","gid://shopify/Product/10390018556200","bf4-cherry-slushee-aaa","2026-08-10T13:55:06Z"
"#BM2 Candy Fumes (AAA)","bm2-candy-fumes-aaa","AAA","aaa","215","AAA","0","active","https://cdn.shopify.com/s/files/1/0993/8236/2408/files/IMG_2313.jpg?v=1786370158","https://kypfpc-f5.myshopify.com/cdn/shop/videos/c/vp/89fe50b394dd43959fa73e5bfb6366ad/89fe50b394dd43959fa73e5bfb6366ad.HD-1080p-4.8Mbps-91227855.mp4","[""https://cdn.shopify.com/s/files/1/0993/8236/2408/files/IMG_2313.jpg?v=1786370158""]","[{""name"":""QP"",""price"":215,""inventory"":999},{""name"":""HP"",""price"":385,""inventory"":999},{""name"":""P"",""price"":675,""inventory"":999}]","[""hsl(338, 30%, 18%)"",""hsl(338, 40%, 35%)"",""hsl(338, 50%, 60%)""]","8.5/10👃 Pungent Gassy Candy Nose Dense Texture #BM2 Candy Fumes (AAA) is available in the AAA catalog from FUELPACKS with live product images, video media when available, variant pricing, and a simple Telegram checkout handoff. This restored listing includes clean product details for shoppers comparing menu items, reviewing availability, choosing options, and sending prepared order details directly to the sales rep. Current variants include QP at $215.00, HP at $385.00, P at $675.00. The page includes optimized metadata, descriptive image alt text, a clean slug, pricing information, and product copy built for search visibility.","#BM2 Candy Fumes (AAA) | FUELPACKS AAA","#BM2 Candy Fumes (AAA) from FUELPACKS AAA. View images, video, variants, price, availability, and send your prepared order through Telegram checkout.","AAA; #BM2 Candy Fumes (AAA); FUELPACKS; Telegram ordering","/products/bm2-candy-fumes-aaa","#BM2 Candy Fumes (AAA) product image from FUELPACKS","FUELPACKS","bm2-candy-fumes-aaa","","","#BM2 Candy Fumes (AAA)","98","gid://shopify/Product/10390019047720","bm2-candy-fumes-aaa","2026-08-10T13:56:34Z"
"#AF4 Gobstoppers Shmediums (Indoor) (Mediums)","af4-gobstoppers-shmediums-indoor-mediums","SMALLS/MEDIUMS","smalls-mediums","265","SMALLS/MEDIUMS","0","active","https://cdn.shopify.com/s/files/1/0993/8236/2408/files/IMG_2315.jpg?v=1786370250","https://kypfpc-f5.myshopify.com/cdn/shop/videos/c/vp/bcaf6c7ce73a4e5f90ef2798a065c94c/bcaf6c7ce73a4e5f90ef2798a065c94c.HD-1080p-4.8Mbps-91227954.mp4","[""https://cdn.shopify.com/s/files/1/0993/8236/2408/files/IMG_2315.jpg?v=1786370250""]","[{""name"":""QP"",""price"":265,""inventory"":999},{""name"":""HP"",""price"":485,""inventory"":999},{""name"":""P"",""price"":875,""inventory"":999}]","[""hsl(121, 30%, 18%)"",""hsl(121, 40%, 35%)"",""hsl(121, 50%, 60%)""]","9.5/10👃 Licensed Shmediums Lemon Cherry Candy Nose Soft Squishy Texture #AF4 Gobstoppers Shmediums (Indoor) (Mediums) is available in the SMALLS/MEDIUMS catalog from FUELPACKS with live product images, video media when available, variant pricing, and a simple Telegram checkout handoff. This restored listing includes clean product details for shoppers comparing menu items, reviewing availability, choosing options, and sending prepared order details directly to the sales rep. Current variants include QP at $265.00, HP at $485.00, P at $875.00. The page includes optimized metadata, descriptive image alt text, a clean slug, pricing information, and product copy built for search visibility.","#AF4 Gobstoppers Shmediums (Indoor) (Mediums) | FUELPACKS","#AF4 Gobstoppers Shmediums (Indoor) (Mediums) from FUELPACKS SMALLS/MEDIUMS. View images, video, variants, price, availability, and send your prepared...","SMALLS/MEDIUMS; #AF4 Gobstoppers Shmediums (Indoor) (Mediums); FUELPACKS; Telegram ordering","/products/af4-gobstoppers-shmediums-indoor-mediums","#AF4 Gobstoppers Shmediums (Indoor) (Mediums) product image from FUELPACKS","FUELPACKS","af4-gobstoppers-shmediums-indoor-mediums","","","#AF4 Gobstoppers Shmediums (Indoor) (Mediums)","99","gid://shopify/Product/10390019539240","af4-gobstoppers-shmediums-indoor-mediums","2026-08-10T13:57:59Z"
"#BY4 Neon Worms (AAA)","by4-neon-worms-aaa","AAA","aaa","235","AAA","0","active","https://cdn.shopify.com/s/files/1/0993/8236/2408/files/IMG_2317.jpg?v=1786370320","https://kypfpc-f5.myshopify.com/cdn/shop/videos/c/vp/955d7c646309460ab72d6d5ce5c193c7/955d7c646309460ab72d6d5ce5c193c7.HD-1080p-4.8Mbps-91228016.mp4","[""https://cdn.shopify.com/s/files/1/0993/8236/2408/files/IMG_2317.jpg?v=1786370320""]","[{""name"":""QP"",""price"":235,""inventory"":999},{""name"":""HP"",""price"":420,""inventory"":999},{""name"":""P"",""price"":740,""inventory"":999}]","[""hsl(229, 30%, 18%)"",""hsl(229, 40%, 35%)"",""hsl(229, 50%, 60%)""]","9.5/10👃 Lemon Cherry Candy Nose Squishy Texture #BY4 Neon Worms (AAA) is available in the AAA catalog from FUELPACKS with live product images, video media when available, variant pricing, and a simple Telegram checkout handoff. This restored listing includes clean product details for shoppers comparing menu items, reviewing availability, choosing options, and sending prepared order details directly to the sales rep. Current variants include QP at $235.00, HP at $420.00, P at $740.00. The page includes optimized metadata, descriptive image alt text, a clean slug, pricing information, and product copy built for search visibility.","#BY4 Neon Worms (AAA) | FUELPACKS AAA","#BY4 Neon Worms (AAA) from FUELPACKS AAA. View images, video, variants, price, availability, and send your prepared order through Telegram checkout.","AAA; #BY4 Neon Worms (AAA); FUELPACKS; Telegram ordering","/products/by4-neon-worms-aaa","#BY4 Neon Worms (AAA) product image from FUELPACKS","FUELPACKS","by4-neon-worms-aaa","","","#BY4 Neon Worms (AAA)","100","gid://shopify/Product/10390019899688","by4-neon-worms-aaa","2026-08-10T13:59:07Z"
"#BJ1 Ouch! Bubblegum (AAA)","bj1-ouch-bubblegum-aaa","AAA","aaa","230","AAA","0","active","https://cdn.shopify.com/s/files/1/0993/8236/2408/files/IMG_2319.jpg?v=1786370393","https://kypfpc-f5.myshopify.com/cdn/shop/videos/c/vp/ba1330aed9b249daaa6b5a26059a6eb6/ba1330aed9b249daaa6b5a26059a6eb6.HD-1080p-4.8Mbps-91228143.mp4","[""https://cdn.shopify.com/s/files/1/0993/8236/2408/files/IMG_2319.jpg?v=1786370393""]","[{""name"":""QP"",""price"":230,""inventory"":999},{""name"":""HP"",""price"":410,""inventory"":999},{""name"":""P"",""price"":725,""inventory"":999}]","[""hsl(137, 30%, 18%)"",""hsl(137, 40%, 35%)"",""hsl(137, 50%, 60%)""]","9/10👃 Gassy Bubblegum Candy Nose Squishy Texture #BJ1 Ouch! Bubblegum (AAA) is available in the AAA catalog from FUELPACKS with live product images, video media when available, variant pricing, and a simple Telegram checkout handoff. This restored listing includes clean product details for shoppers comparing menu items, reviewing availability, choosing options, and sending prepared order details directly to the sales rep. Current variants include QP at $230.00, HP at $410.00, P at $725.00. The page includes optimized metadata, descriptive image alt text, a clean slug, pricing information, and product copy built for search visibility.","#BJ1 Ouch! Bubblegum (AAA) | FUELPACKS AAA","#BJ1 Ouch! Bubblegum (AAA) from FUELPACKS AAA. View images, video, variants, price, availability, and send your prepared order through Telegram checkout.","AAA; #BJ1 Ouch! Bubblegum (AAA); FUELPACKS; Telegram ordering","/products/bj1-ouch-bubblegum-aaa","#BJ1 Ouch! Bubblegum (AAA) product image from FUELPACKS","FUELPACKS","bj1-ouch-bubblegum-aaa","","","#BJ1 Ouch! Bubblegum (AAA)","101","gid://shopify/Product/10390020161832","bj1-ouch-bubblegum-aaa","2026-08-10T14:00:13Z"
"#CI1 Dirty Kamikaze (Indoor)","ci1-dirty-kamikaze-indoor","Indoor","indoor","335","Indoor","0","active","https://cdn.shopify.com/s/files/1/0993/8236/2408/files/IMG_2344.jpg?v=1786435085","https://kypfpc-f5.myshopify.com/cdn/shop/videos/c/vp/86a0443acfba43159bb9cbed792686d7/86a0443acfba43159bb9cbed792686d7.HD-1080p-4.8Mbps-91294270.mp4","[""https://cdn.shopify.com/s/files/1/0993/8236/2408/files/IMG_2344.jpg?v=1786435085""]","[{""name"":""QP"",""price"":335,""inventory"":999},{""name"":""HP"",""price"":625,""inventory"":999},{""name"":""P"",""price"":1150,""inventory"":999}]","[""hsl(56, 30%, 18%)"",""hsl(56, 40%, 35%)"",""hsl(56, 50%, 60%)""]","10/10👃 Licensed Indoors Lemon Cherry Candy Nose Dense Squishy Texture #CI1 Dirty Kamikaze (Indoor) is available in the Indoor catalog from FUELPACKS with live product images, video media when available, variant pricing, and a simple Telegram checkout handoff. This restored listing includes clean product details for shoppers comparing menu items, reviewing availability, choosing options, and sending prepared order details directly to the sales rep. Current variants include QP at $335.00, HP at $625.00, P at $1150.00. The page includes optimized metadata, descriptive image alt text, a clean slug, pricing information, and product copy built for search visibility.","#CI1 Dirty Kamikaze (Indoor) | FUELPACKS Indoor","#CI1 Dirty Kamikaze (Indoor) from FUELPACKS Indoor. View images, video, variants, price, availability, and send your prepared order through Telegram checkout.","Indoor; #CI1 Dirty Kamikaze (Indoor); FUELPACKS; Telegram ordering","/products/ci1-dirty-kamikaze-indoor","#CI1 Dirty Kamikaze (Indoor) product image from FUELPACKS","FUELPACKS","ci1-dirty-kamikaze-indoor","","","#CI1 Dirty Kamikaze (Indoor)","102","gid://shopify/Product/10391144071464","ci1-dirty-kamikaze-indoor","2026-08-11T07:58:26Z"
"#CF4 Blue Lobster (Indoor)","cf4-blue-lobster-indoor","Indoor","indoor","325","Indoor","0","active","https://cdn.shopify.com/s/files/1/0993/8236/2408/files/IMG_2348.jpg?v=1786435158","https://kypfpc-f5.myshopify.com/cdn/shop/videos/c/vp/a9becfd3c4834b2f82408f96463e1825/a9becfd3c4834b2f82408f96463e1825.HD-1080p-4.8Mbps-91294350.mp4","[""https://cdn.shopify.com/s/files/1/0993/8236/2408/files/IMG_2348.jpg?v=1786435158""]","[{""name"":""QP"",""price"":325,""inventory"":999},{""name"":""HP"",""price"":600,""inventory"":999},{""name"":""P"",""price"":1100,""inventory"":999}]","[""hsl(138, 30%, 18%)"",""hsl(138, 40%, 35%)"",""hsl(138, 50%, 60%)""]","9.5/10👃 Licensed Indoors Gassy Cherry Candy Nose Dense Squishy Texture #CF4 Blue Lobster (Indoor) is available in the Indoor catalog from FUELPACKS with live product images, video media when available, variant pricing, and a simple Telegram checkout handoff. This restored listing includes clean product details for shoppers comparing menu items, reviewing availability, choosing options, and sending prepared order details directly to the sales rep. Current variants include QP at $325.00, HP at $600.00, P at $1100.00. The page includes optimized metadata, descriptive image alt text, a clean slug, pricing information, and product copy built for search visibility.","#CF4 Blue Lobster (Indoor) | FUELPACKS Indoor","#CF4 Blue Lobster (Indoor) from FUELPACKS Indoor. View images, video, variants, price, availability, and send your prepared order through Telegram checkout.","Indoor; #CF4 Blue Lobster (Indoor); FUELPACKS; Telegram ordering","/products/cf4-blue-lobster-indoor","#CF4 Blue Lobster (Indoor) product image from FUELPACKS","FUELPACKS","cf4-blue-lobster-indoor","","","#CF4 Blue Lobster (Indoor)","103","gid://shopify/Product/10391145120040","cf4-blue-lobster-indoor","2026-08-11T07:59:37Z"
"#CE4 Rainbow Sherbet (AAA)","ce4-rainbow-sherbet-aaa","AAA","aaa","235","AAA","0","active","https://cdn.shopify.com/s/files/1/0993/8236/2408/files/IMG_2354.jpg?v=1786435347","https://kypfpc-f5.myshopify.com/cdn/shop/videos/c/vp/e8a26596aee546faa1cee09c82ac595c/e8a26596aee546faa1cee09c82ac595c.HD-1080p-4.8Mbps-91294612.mp4","[""https://cdn.shopify.com/s/files/1/0993/8236/2408/files/IMG_2354.jpg?v=1786435347""]","[{""name"":""QP"",""price"":235,""inventory"":999},{""name"":""HP"",""price"":425,""inventory"":999},{""name"":""P"",""price"":750,""inventory"":999}]","[""hsl(113, 30%, 18%)"",""hsl(113, 40%, 35%)"",""hsl(113, 50%, 60%)""]","9/10👃 Sweet Gassy Sherbet Nose Dense Squishy Texture Fakers That Pass As Indoors #CE4 Rainbow Sherbet (AAA) is available in the AAA catalog from FUELPACKS with live product images, video media when available, variant pricing, and a simple Telegram checkout handoff. This restored listing includes clean product details for shoppers comparing menu items, reviewing availability, choosing options, and sending prepared order details directly to the sales rep. Current variants include QP at $235.00, HP at $425.00, P at $750.00. The page includes optimized metadata, descriptive image alt text, a clean slug, pricing information, and product copy built for search visibility.","#CE4 Rainbow Sherbet (AAA) | FUELPACKS AAA","#CE4 Rainbow Sherbet (AAA) from FUELPACKS AAA. View images, video, variants, price, availability, and send your prepared order through Telegram checkout.","AAA; #CE4 Rainbow Sherbet (AAA); FUELPACKS; Telegram ordering","/products/ce4-rainbow-sherbet-aaa","#CE4 Rainbow Sherbet (AAA) product image from FUELPACKS","FUELPACKS","ce4-rainbow-sherbet-aaa","","","#CE4 Rainbow Sherbet (AAA)","104","gid://shopify/Product/10391146103080","ce4-rainbow-sherbet-aaa","2026-08-11T08:02:44Z"
"#DG3 Lip Smackers (AAA)","dg3-lip-smackers-aaa","AAA","aaa","230","AAA","0","active","https://cdn.shopify.com/s/files/1/0993/8236/2408/files/IMG_2358.jpg?v=1786435457","https://kypfpc-f5.myshopify.com/cdn/shop/videos/c/vp/11678edef74c428881d49ee2f9b00e6a/11678edef74c428881d49ee2f9b00e6a.HD-1080p-4.8Mbps-91294747.mp4","[""https://cdn.shopify.com/s/files/1/0993/8236/2408/files/IMG_2358.jpg?v=1786435457""]","[{""name"":""QP"",""price"":230,""inventory"":999},{""name"":""HP"",""price"":410,""inventory"":999},{""name"":""P"",""price"":725,""inventory"":999}]","[""hsl(354, 30%, 18%)"",""hsl(354, 40%, 35%)"",""hsl(354, 50%, 60%)""]","9.5/10👃 Gassy Cherry Candy Nose Dense Squishy Texture #DG3 Lip Smackers (AAA) is available in the AAA catalog from FUELPACKS with live product images, video media when available, variant pricing, and a simple Telegram checkout handoff. This restored listing includes clean product details for shoppers comparing menu items, reviewing availability, choosing options, and sending prepared order details directly to the sales rep. Current variants include QP at $230.00, HP at $410.00, P at $725.00. The page includes optimized metadata, descriptive image alt text, a clean slug, pricing information, and product copy built for search visibility.","#DG3 Lip Smackers (AAA) | FUELPACKS AAA","#DG3 Lip Smackers (AAA) from FUELPACKS AAA. View images, video, variants, price, availability, and send your prepared order through Telegram checkout.","AAA; #DG3 Lip Smackers (AAA); FUELPACKS; Telegram ordering","/products/dg3-lip-smackers-aaa","#DG3 Lip Smackers (AAA) product image from FUELPACKS","FUELPACKS","dg3-lip-smackers-aaa","","","#DG3 Lip Smackers (AAA)","105","gid://shopify/Product/10391146823976","dg3-lip-smackers-aaa","2026-08-11T08:04:40Z"
"#CB1 Skunklato (Deps)","cb1-skunklato-deps","Deps","deps","190","Deps","0","active","https://cdn.shopify.com/s/files/1/0993/8236/2408/files/IMG_2360.jpg?v=1786435537","https://kypfpc-f5.myshopify.com/cdn/shop/videos/c/vp/454ee50301ee441b972fc01173d8624a/454ee50301ee441b972fc01173d8624a.HD-1080p-4.8Mbps-91294855.mp4","[""https://cdn.shopify.com/s/files/1/0993/8236/2408/files/IMG_2360.jpg?v=1786435537""]","[{""name"":""QP"",""price"":190,""inventory"":999},{""name"":""HP"",""price"":335,""inventory"":999},{""name"":""P"",""price"":575,""inventory"":999}]","[""hsl(218, 30%, 18%)"",""hsl(218, 40%, 35%)"",""hsl(218, 50%, 60%)""]","8.5/10👃 Sweet Gassy Gelato Nose Dense Squishy Texture *NO ADDITIONAL DROPS* #CB1 Skunklato (Deps) is available in the Deps catalog from FUELPACKS with live product images, video media when available, variant pricing, and a simple Telegram checkout handoff. This restored listing includes clean product details for shoppers comparing menu items, reviewing availability, choosing options, and sending prepared order details directly to the sales rep. Current variants include QP at $190.00, HP at $335.00, P at $575.00. The page includes optimized metadata, descriptive image alt text, a clean slug, pricing information, and product copy built for search visibility.","#CB1 Skunklato (Deps) | FUELPACKS Deps","#CB1 Skunklato (Deps) from FUELPACKS Deps. View images, video, variants, price, availability, and send your prepared order through Telegram checkout.","Deps; #CB1 Skunklato (Deps); FUELPACKS; Telegram ordering","/products/cb1-skunklato-deps","#CB1 Skunklato (Deps) product image from FUELPACKS","FUELPACKS","cb1-skunklato-deps","","","#CB1 Skunklato (Deps)","106","gid://shopify/Product/10391147249960","cb1-skunklato-deps","2026-08-11T08:05:58Z"
"#AX4 Cryptochronic (Indoor) (Zaza)","ax4-cryptochronic-indoor-zaza","Special Deals","special-deals","610","Special Deals","0","active","https://cdn.shopify.com/s/files/1/0993/8236/2408/files/IMG_2259_7a41f5de-62bf-43f9-a348-f075b12e6ba6.jpg?v=1786435691","","[""https://cdn.shopify.com/s/files/1/0993/8236/2408/files/IMG_2259_7a41f5de-62bf-43f9-a348-f075b12e6ba6.jpg?v=1786435691""]","[{""name"":""8 oz"",""price"":610,""inventory"":999}]","[""hsl(200, 30%, 18%)"",""hsl(200, 40%, 35%)"",""hsl(200, 50%, 60%)""]","💰TRAP LORD SPECIAL💰 10/10👃 Licensed Indoors BRED BY BACKPACK BOYZ🎒 *ADD TO ORDER ONLY* Lemon Cherry Candy Nose Soft Squishy Texture *NO ADDITIONAL DROPS* #AX4 Cryptochronic (Indoor) (Zaza) is available in the Special Deals catalog from FUELPACKS with live product images, video media when available, variant pricing, and a simple Telegram checkout handoff. This restored listing includes clean product details for shoppers comparing menu items, reviewing availability, choosing options, and sending prepared order details directly to the sales rep. Current variants include 8 oz at $610.00. The page includes optimized metadata, descriptive image alt text, a clean slug, pricing information, and product copy built for search visibility.","#AX4 Cryptochronic (Indoor) (Zaza) | FUELPACKS Special Deals","#AX4 Cryptochronic (Indoor) (Zaza) from FUELPACKS Special Deals. View images, video, variants, price, availability, and send your prepared order through...","Special Deals; #AX4 Cryptochronic (Indoor) (Zaza); FUELPACKS; Telegram ordering","/products/ax4-cryptochronic-indoor-zaza","#AX4 Cryptochronic (Indoor) (Zaza) product image from FUELPACKS","FUELPACKS","ax4-cryptochronic-indoor-zaza","","","#AX4 Cryptochronic (Indoor) (Zaza)","107","gid://shopify/Product/10391148167464","ax4-cryptochronic-indoor-zaza","2026-08-11T08:08:26Z"
"#DB2 Doggy Bag (Deps)","db2-doggy-bag-deps","Deps","deps","300","Deps","0","active","https://cdn.shopify.com/s/files/1/0993/8236/2408/files/IMG_2383.jpg?v=1786513698","https://kypfpc-f5.myshopify.com/cdn/shop/videos/c/vp/6007cee9d9d94c9c9931219c5b1f1cad/6007cee9d9d94c9c9931219c5b1f1cad.HD-1080p-4.8Mbps-91383855.mp4","[""https://cdn.shopify.com/s/files/1/0993/8236/2408/files/IMG_2383.jpg?v=1786513698""]","[{""name"":""P"",""price"":300,""inventory"":999}]","[""hsl(153, 30%, 18%)"",""hsl(153, 40%, 35%)"",""hsl(153, 50%, 60%)""]","7/10👃 Faint Earthy Pine Nose Fluffy Texture *ADD TO ORDER ONLY* *NO ADDITIONAL DROPS* #DB2 Doggy Bag (Deps) is available in the Deps catalog from FUELPACKS with live product images, video media when available, variant pricing, and a simple Telegram checkout handoff. This restored listing includes clean product details for shoppers comparing menu items, reviewing availability, choosing options, and sending prepared order details directly to the sales rep. Current variants include P at $300.00. The page includes optimized metadata, descriptive image alt text, a clean slug, pricing information, and product copy built for search visibility.","#DB2 Doggy Bag (Deps) | FUELPACKS Deps","#DB2 Doggy Bag (Deps) from FUELPACKS Deps. View images, video, variants, price, availability, and send your prepared order through Telegram checkout.","Deps; #DB2 Doggy Bag (Deps); FUELPACKS; Telegram ordering","/products/db2-doggy-bag-deps","#DB2 Doggy Bag (Deps) product image from FUELPACKS","FUELPACKS","db2-doggy-bag-deps","","","#DB2 Doggy Bag (Deps)","108","gid://shopify/Product/10391982440744","db2-doggy-bag-deps","2026-08-12T05:48:41Z"
"#ES2 Bitcoin Candy (Indoor)","es2-bitcoin-candy-indoor-1","Special Deals","special-deals","290","Special Deals","0","active","https://cdn.shopify.com/s/files/1/0993/8236/2408/files/IMG_2385.jpg?v=1786513770","https://kypfpc-f5.myshopify.com/cdn/shop/videos/c/vp/f8955cd1a27a42dc98d2c6d383a1f559/f8955cd1a27a42dc98d2c6d383a1f559.HD-1080p-4.8Mbps-91383900.mp4","[""https://cdn.shopify.com/s/files/1/0993/8236/2408/files/IMG_2385.jpg?v=1786513770""]","[{""name"":""QP"",""price"":290,""inventory"":999},{""name"":""HP"",""price"":535,""inventory"":999},{""name"":""P"",""price"":975,""inventory"":999}]","[""hsl(319, 30%, 18%)"",""hsl(319, 40%, 35%)"",""hsl(319, 50%, 60%)""]","🤑 FAT COME UP DEAL 🤑 9/10👃 Lemon Cherry Candy Nose Soft Squishy Texture #ES2 Bitcoin Candy (Indoor) is available in the Special Deals catalog from FUELPACKS with live product images, video media when available, variant pricing, and a simple Telegram checkout handoff. This restored listing includes clean product details for shoppers comparing menu items, reviewing availability, choosing options, and sending prepared order details directly to the sales rep. Current variants include QP at $290.00, HP at $535.00, P at $975.00. The page includes optimized metadata, descriptive image alt text, a clean slug, pricing information, and product copy built for search visibility.","#ES2 Bitcoin Candy (Indoor) | FUELPACKS Special Deals","#ES2 Bitcoin Candy (Indoor) from FUELPACKS Special Deals. View images, video, variants, price, availability, and send your prepared order through...","Special Deals; #ES2 Bitcoin Candy (Indoor); FUELPACKS; Telegram ordering","/products/es2-bitcoin-candy-indoor-1","#ES2 Bitcoin Candy (Indoor) product image from FUELPACKS","FUELPACKS","es2-bitcoin-candy-indoor-1","","","#ES2 Bitcoin Candy (Indoor)","109","gid://shopify/Product/10391984079144","es2-bitcoin-candy-indoor-1","2026-08-12T05:49:48Z"
"#BZ1 Purple Zikigai (Indoor) (Zaza)","bz1-purple-zikigai-indoor-zaza","Exotic","exotic","385","Exotic","0","active","https://cdn.shopify.com/s/files/1/0993/8236/2408/files/IMG_2387.jpg?v=1786513962","https://kypfpc-f5.myshopify.com/cdn/shop/videos/c/vp/d0206bfd5e2b4c70a8906bc358920862/d0206bfd5e2b4c70a8906bc358920862.HD-1080p-4.8Mbps-91384064.mp4","[""https://cdn.shopify.com/s/files/1/0993/8236/2408/files/IMG_2387.jpg?v=1786513962""]","[{""name"":""QP"",""price"":385,""inventory"":999},{""name"":""HP"",""price"":725,""inventory"":999},{""name"":""P"",""price"":1350,""inventory"":999}]","[""hsl(176, 30%, 18%)"",""hsl(176, 40%, 35%)"",""hsl(176, 50%, 60%)""]","10/10👃 Licensed Indoors BRED BY ZIKIGAI GARDENS🪴 Gassy Lemon Candy Nose Soft Squishy Texture #BZ1 Purple Zikigai (Indoor) (Zaza) is available in the Exotic catalog from FUELPACKS with live product images, video media when available, variant pricing, and a simple Telegram checkout handoff. This restored listing includes clean product details for shoppers comparing menu items, reviewing availability, choosing options, and sending prepared order details directly to the sales rep. Current variants include QP at $385.00, HP at $725.00, P at $1350.00. The page includes optimized metadata, descriptive image alt text, a clean slug, pricing information, and product copy built for search visibility.","#BZ1 Purple Zikigai (Indoor) (Zaza) | FUELPACKS Exotic","#BZ1 Purple Zikigai (Indoor) (Zaza) from FUELPACKS Exotic. View images, video, variants, price, availability, and send your prepared order through...","Exotic; #BZ1 Purple Zikigai (Indoor) (Zaza); FUELPACKS; Telegram ordering","/products/bz1-purple-zikigai-indoor-zaza","#BZ1 Purple Zikigai (Indoor) (Zaza) product image from FUELPACKS","FUELPACKS","bz1-purple-zikigai-indoor-zaza","","","#BZ1 Purple Zikigai (Indoor) (Zaza)","110","gid://shopify/Product/10391992205608","bz1-purple-zikigai-indoor-zaza","2026-08-12T05:54:57Z"
"#CX4 Cherry Cartel (Indoor)","cx4-cherry-cartel-indoor","Indoor","indoor","305","Indoor","0","active","https://cdn.shopify.com/s/files/1/0993/8236/2408/files/IMG_2389.jpg?v=1786514193","https://kypfpc-f5.myshopify.com/cdn/shop/videos/c/vp/d8822664a7cd43b6924781c43dceb199/d8822664a7cd43b6924781c43dceb199.HD-1080p-4.8Mbps-91384253.mp4","[""https://cdn.shopify.com/s/files/1/0993/8236/2408/files/IMG_2389.jpg?v=1786514193""]","[{""name"":""QP"",""price"":305,""inventory"":999},{""name"":""HP"",""price"":560,""inventory"":999},{""name"":""P"",""price"":1025,""inventory"":999}]","[""hsl(43, 30%, 18%)"",""hsl(43, 40%, 35%)"",""hsl(43, 50%, 60%)""]","9.5/10👃 Licensed Indoors Pungent Cherry Candy Nose Soft Squishy Texture #CX4 Cherry Cartel (Indoor) is available in the Indoor catalog from FUELPACKS with live product images, video media when available, variant pricing, and a simple Telegram checkout handoff. This restored listing includes clean product details for shoppers comparing menu items, reviewing availability, choosing options, and sending prepared order details directly to the sales rep. Current variants include QP at $305.00, HP at $560.00, P at $1025.00. The page includes optimized metadata, descriptive image alt text, a clean slug, pricing information, and product copy built for search visibility.","#CX4 Cherry Cartel (Indoor) | FUELPACKS Indoor","#CX4 Cherry Cartel (Indoor) from FUELPACKS Indoor. View images, video, variants, price, availability, and send your prepared order through Telegram checkout.","Indoor; #CX4 Cherry Cartel (Indoor); FUELPACKS; Telegram ordering","/products/cx4-cherry-cartel-indoor","#CX4 Cherry Cartel (Indoor) product image from FUELPACKS","FUELPACKS","cx4-cherry-cartel-indoor","","","#CX4 Cherry Cartel (Indoor)","111","gid://shopify/Product/10391995416872","cx4-cherry-cartel-indoor","2026-08-12T05:56:50Z"
"#CU2 Lemon Zooties (Indoor)","cu2-lemon-zooties-indoor","Indoor","indoor","310","Indoor","0","active","https://cdn.shopify.com/s/files/1/0993/8236/2408/files/IMG_2391.jpg?v=1786514289","https://kypfpc-f5.myshopify.com/cdn/shop/videos/c/vp/ee2b277d08d2436ea1792304a3fd25b0/ee2b277d08d2436ea1792304a3fd25b0.HD-1080p-4.8Mbps-91384395.mp4","[""https://cdn.shopify.com/s/files/1/0993/8236/2408/files/IMG_2391.jpg?v=1786514289""]","[{""name"":""QP"",""price"":310,""inventory"":999},{""name"":""HP"",""price"":575,""inventory"":999},{""name"":""P"",""price"":1050,""inventory"":999}]","[""hsl(90, 30%, 18%)"",""hsl(90, 40%, 35%)"",""hsl(90, 50%, 60%)""]","9.5/10👃 Licensed Indoors Pungent Lemon Candy Nose Soft Squishy Texture #CU2 Lemon Zooties (Indoor) is available in the Indoor catalog from FUELPACKS with live product images, video media when available, variant pricing, and a simple Telegram checkout handoff. This restored listing includes clean product details for shoppers comparing menu items, reviewing availability, choosing options, and sending prepared order details directly to the sales rep. Current variants include QP at $310.00, HP at $575.00, P at $1050.00. The page includes optimized metadata, descriptive image alt text, a clean slug, pricing information, and product copy built for search visibility.","#CU2 Lemon Zooties (Indoor) | FUELPACKS Indoor","#CU2 Lemon Zooties (Indoor) from FUELPACKS Indoor. View images, video, variants, price, availability, and send your prepared order through Telegram checkout.","Indoor; #CU2 Lemon Zooties (Indoor); FUELPACKS; Telegram ordering","/products/cu2-lemon-zooties-indoor","#CU2 Lemon Zooties (Indoor) product image from FUELPACKS","FUELPACKS","cu2-lemon-zooties-indoor","","","#CU2 Lemon Zooties (Indoor)","112","gid://shopify/Product/10392000004392","cu2-lemon-zooties-indoor","2026-08-12T05:58:38Z"
"#BX3 Galactic Nerdz (Indoor) (Zaza)","bx3-galactic-nerdz-indoor-zaza","Exotic","exotic","350","Exotic","0","active","https://cdn.shopify.com/s/files/1/0993/8236/2408/files/IMG_2393.jpg?v=1786514406","https://kypfpc-f5.myshopify.com/cdn/shop/videos/c/vp/7fe60a9f84784e03ba89f3ae7d9e1723/7fe60a9f84784e03ba89f3ae7d9e1723.HD-1080p-4.8Mbps-91384501.mp4","[""https://cdn.shopify.com/s/files/1/0993/8236/2408/files/IMG_2393.jpg?v=1786514406""]","[{""name"":""QP"",""price"":350,""inventory"":999},{""name"":""HP"",""price"":650,""inventory"":999},{""name"":""P"",""price"":1200,""inventory"":999}]","[""hsl(153, 30%, 18%)"",""hsl(153, 40%, 35%)"",""hsl(153, 50%, 60%)""]","10/10👃 Licensed Indoors Pungent Bubblegum Candy Nose Dense Squishy Texture #BX3 Galactic Nerdz (Indoor) (Zaza) is available in the Exotic catalog from FUELPACKS with live product images, video media when available, variant pricing, and a simple Telegram checkout handoff. This restored listing includes clean product details for shoppers comparing menu items, reviewing availability, choosing options, and sending prepared order details directly to the sales rep. Current variants include QP at $350.00, HP at $650.00, P at $1200.00. The page includes optimized metadata, descriptive image alt text, a clean slug, pricing information, and product copy built for search visibility.","#BX3 Galactic Nerdz (Indoor) (Zaza) | FUELPACKS Exotic","#BX3 Galactic Nerdz (Indoor) (Zaza) from FUELPACKS Exotic. View images, video, variants, price, availability, and send your prepared order through...","Exotic; #BX3 Galactic Nerdz (Indoor) (Zaza); FUELPACKS; Telegram ordering","/products/bx3-galactic-nerdz-indoor-zaza","#BX3 Galactic Nerdz (Indoor) (Zaza) product image from FUELPACKS","FUELPACKS","bx3-galactic-nerdz-indoor-zaza","","","#BX3 Galactic Nerdz (Indoor) (Zaza)","113","gid://shopify/Product/10392005181736","bx3-galactic-nerdz-indoor-zaza","2026-08-12T06:00:37Z"
"#CK4 Pi Chew (Indoor) (Zaza)","ck4-pi-chew-indoor-zaza","Exotic","exotic","400","Exotic","0","active","https://cdn.shopify.com/s/files/1/0993/8236/2408/files/IMG_2395.jpg?v=1786514492","https://kypfpc-f5.myshopify.com/cdn/shop/videos/c/vp/f73277b51e944cd8a32c0551ad9dae10/f73277b51e944cd8a32c0551ad9dae10.HD-1080p-4.8Mbps-91384577.mp4","[""https://cdn.shopify.com/s/files/1/0993/8236/2408/files/IMG_2395.jpg?v=1786514492""]","[{""name"":""QP"",""price"":400,""inventory"":999},{""name"":""HP"",""price"":750,""inventory"":999},{""name"":""P"",""price"":1400,""inventory"":999}]","[""hsl(61, 30%, 18%)"",""hsl(61, 40%, 35%)"",""hsl(61, 50%, 60%)""]","10/10👃 Licensed Indoors BRED BY RONIN SEEDS🧬 Pungent Lemon Candy Nose Soft Squishy Texture #CK4 Pi Chew (Indoor) (Zaza) is available in the Exotic catalog from FUELPACKS with live product images, video media when available, variant pricing, and a simple Telegram checkout handoff. This restored listing includes clean product details for shoppers comparing menu items, reviewing availability, choosing options, and sending prepared order details directly to the sales rep. Current variants include QP at $400.00, HP at $750.00, P at $1400.00. The page includes optimized metadata, descriptive image alt text, a clean slug, pricing information, and product copy built for search visibility.","#CK4 Pi Chew (Indoor) (Zaza) | FUELPACKS Exotic","#CK4 Pi Chew (Indoor) (Zaza) from FUELPACKS Exotic. View images, video, variants, price, availability, and send your prepared order through Telegram checkout.","Exotic; #CK4 Pi Chew (Indoor) (Zaza); FUELPACKS; Telegram ordering","/products/ck4-pi-chew-indoor-zaza","#CK4 Pi Chew (Indoor) (Zaza) product image from FUELPACKS","FUELPACKS","ck4-pi-chew-indoor-zaza","","","#CK4 Pi Chew (Indoor) (Zaza)","114","gid://shopify/Product/10392008327464","ck4-pi-chew-indoor-zaza","2026-08-12T06:01:54Z"
"#CP3 Zookielato (AAA)","cp3-zookielato-aaa","AAA","aaa","215","AAA","0","active","https://cdn.shopify.com/s/files/1/0993/8236/2408/files/IMG_2409.jpg?v=1786613375","https://kypfpc-f5.myshopify.com/cdn/shop/videos/c/vp/7f89071f9fdb4fdcb02d65d54a65699e/7f89071f9fdb4fdcb02d65d54a65699e.HD-1080p-4.8Mbps-91496685.mp4","[""https://cdn.shopify.com/s/files/1/0993/8236/2408/files/IMG_2409.jpg?v=1786613375""]","[{""name"":""QP"",""price"":215,""inventory"":999},{""name"":""HP"",""price"":375,""inventory"":999},{""name"":""P"",""price"":650,""inventory"":999}]","[""hsl(280, 30%, 18%)"",""hsl(280, 40%, 35%)"",""hsl(280, 50%, 60%)""]","8/10👃 Creamy Gassy Gelato Nose Dense Texture Fakers That Pass As Indoors #CP3 Zookielato (AAA) is available in the AAA catalog from FUELPACKS with live product images, video media when available, variant pricing, and a simple Telegram checkout handoff. This restored listing includes clean product details for shoppers comparing menu items, reviewing availability, choosing options, and sending prepared order details directly to the sales rep. Current variants include QP at $215.00, HP at $375.00, P at $650.00. The page includes optimized metadata, descriptive image alt text, a clean slug, pricing information, and product copy built for search visibility.","#CP3 Zookielato (AAA) | FUELPACKS AAA","#CP3 Zookielato (AAA) from FUELPACKS AAA. View images, video, variants, price, availability, and send your prepared order through Telegram checkout.","AAA; #CP3 Zookielato (AAA); FUELPACKS; Telegram ordering","/products/cp3-zookielato-aaa","#CP3 Zookielato (AAA) product image from FUELPACKS","FUELPACKS","cp3-zookielato-aaa","","","#CP3 Zookielato (AAA)","115","gid://shopify/Product/10394973208872","cp3-zookielato-aaa","2026-08-13T09:30:03Z"
"#EA2 Meduza x Verzace (Indoor) (Zaza)","ea2-meduza-x-verzace-indoor-zaza","Exotic","exotic","375","Exotic","0","active","https://cdn.shopify.com/s/files/1/0993/8236/2408/files/IMG_2411.jpg?v=1786613447","https://kypfpc-f5.myshopify.com/cdn/shop/videos/c/vp/8907ae09fbe34dff8fd36ff8f805dfb6/8907ae09fbe34dff8fd36ff8f805dfb6.HD-1080p-4.8Mbps-91496773.mp4","[""https://cdn.shopify.com/s/files/1/0993/8236/2408/files/IMG_2411.jpg?v=1786613447""]","[{""name"":""QP"",""price"":375,""inventory"":999},{""name"":""HP"",""price"":700,""inventory"":999},{""name"":""P"",""price"":1300,""inventory"":999}]","[""hsl(108, 30%, 18%)"",""hsl(108, 40%, 35%)"",""hsl(108, 50%, 60%)""]","10/10👃 Licensed Indoors BRED BY HALL OF FLAME🔥 Lemon Cherry Candy Nose Dense Squishy Texture #EA2 Meduza x Verzace (Indoor) (Zaza) is available in the Exotic catalog from FUELPACKS with live product images, video media when available, variant pricing, and a simple Telegram checkout handoff. This restored listing includes clean product details for shoppers comparing menu items, reviewing availability, choosing options, and sending prepared order details directly to the sales rep. Current variants include QP at $375.00, HP at $700.00, P at $1300.00. The page includes optimized metadata, descriptive image alt text, a clean slug, pricing information, and product copy built for search visibility.","#EA2 Meduza x Verzace (Indoor) (Zaza) | FUELPACKS Exotic","#EA2 Meduza x Verzace (Indoor) (Zaza) from FUELPACKS Exotic. View images, video, variants, price, availability, and send your prepared order through...","Exotic; #EA2 Meduza x Verzace (Indoor) (Zaza); FUELPACKS; Telegram ordering","/products/ea2-meduza-x-verzace-indoor-zaza","#EA2 Meduza x Verzace (Indoor) (Zaza) product image from FUELPACKS","FUELPACKS","ea2-meduza-x-verzace-indoor-zaza","","","#EA2 Meduza x Verzace (Indoor) (Zaza)","116","gid://shopify/Product/10394977009960","ea2-meduza-x-verzace-indoor-zaza","2026-08-13T09:31:01Z"
"#DO3 Verzace Shmediums (Indoor) (Mediums)","do3-verzace-shmediums-indoor-mediums","Indoor","indoor","275","Indoor","0","active","https://cdn.shopify.com/s/files/1/0993/8236/2408/files/IMG_2413.jpg?v=1786613516","https://kypfpc-f5.myshopify.com/cdn/shop/videos/c/vp/264a1c49d470464e87c978d0dab76eed/264a1c49d470464e87c978d0dab76eed.HD-1080p-4.8Mbps-91496873.mp4","[""https://cdn.shopify.com/s/files/1/0993/8236/2408/files/IMG_2413.jpg?v=1786613516""]","[{""name"":""QP"",""price"":275,""inventory"":999},{""name"":""HP"",""price"":500,""inventory"":999},{""name"":""P"",""price"":900,""inventory"":999}]","[""hsl(142, 30%, 18%)"",""hsl(142, 40%, 35%)"",""hsl(142, 50%, 60%)""]","10/10👃 Licensed Shmediums Lemon Cherry Candy Nose Soft Squishy Texture #DO3 Verzace Shmediums (Indoor) (Mediums) is available in the Indoor catalog from FUELPACKS with live product images, video media when available, variant pricing, and a simple Telegram checkout handoff. This restored listing includes clean product details for shoppers comparing menu items, reviewing availability, choosing options, and sending prepared order details directly to the sales rep. Current variants include QP at $275.00, HP at $500.00, P at $900.00. The page includes optimized metadata, descriptive image alt text, a clean slug, pricing information, and product copy built for search visibility.","#DO3 Verzace Shmediums (Indoor) (Mediums) | FUELPACKS Indoor","#DO3 Verzace Shmediums (Indoor) (Mediums) from FUELPACKS Indoor. View images, video, variants, price, availability, and send your prepared order through...","Indoor; #DO3 Verzace Shmediums (Indoor) (Mediums); FUELPACKS; Telegram ordering","/products/do3-verzace-shmediums-indoor-mediums","#DO3 Verzace Shmediums (Indoor) (Mediums) product image from FUELPACKS","FUELPACKS","do3-verzace-shmediums-indoor-mediums","","","#DO3 Verzace Shmediums (Indoor) (Mediums)","117","gid://shopify/Product/10394981761320","do3-verzace-shmediums-indoor-mediums","2026-08-13T09:32:18Z"
"#CW1 Blue Zlushie (Indoor)","cw1-blue-zlushie-indoor","Indoor","indoor","305","Indoor","0","active","https://cdn.shopify.com/s/files/1/0993/8236/2408/files/IMG_2415.jpg?v=1786613626","https://kypfpc-f5.myshopify.com/cdn/shop/videos/c/vp/8a5995b6dc9340d3b6e9a4ec5f30781a/8a5995b6dc9340d3b6e9a4ec5f30781a.HD-1080p-4.8Mbps-91497017.mp4","[""https://cdn.shopify.com/s/files/1/0993/8236/2408/files/IMG_2415.jpg?v=1786613626""]","[{""name"":""QP"",""price"":305,""inventory"":999},{""name"":""HP"",""price"":560,""inventory"":999},{""name"":""P"",""price"":1025,""inventory"":999}]","[""hsl(191, 30%, 18%)"",""hsl(191, 40%, 35%)"",""hsl(191, 50%, 60%)""]","9/10👃 Licensed Indoors Lemon Cherry Candy Nose Soft Squishy Texture #CW1 Blue Zlushie (Indoor) is available in the Indoor catalog from FUELPACKS with live product images, video media when available, variant pricing, and a simple Telegram checkout handoff. This restored listing includes clean product details for shoppers comparing menu items, reviewing availability, choosing options, and sending prepared order details directly to the sales rep. Current variants include QP at $305.00, HP at $560.00, P at $1025.00. The page includes optimized metadata, descriptive image alt text, a clean slug, pricing information, and product copy built for search visibility.","#CW1 Blue Zlushie (Indoor) | FUELPACKS Indoor","#CW1 Blue Zlushie (Indoor) from FUELPACKS Indoor. View images, video, variants, price, availability, and send your prepared order through Telegram checkout.","Indoor; #CW1 Blue Zlushie (Indoor); FUELPACKS; Telegram ordering","/products/cw1-blue-zlushie-indoor","#CW1 Blue Zlushie (Indoor) product image from FUELPACKS","FUELPACKS","cw1-blue-zlushie-indoor","","","#CW1 Blue Zlushie (Indoor)","118","gid://shopify/Product/10394991001896","cw1-blue-zlushie-indoor","2026-08-13T09:34:41Z"
"#DR1 Street Candy Shmediums (Indoor) (Mediums)","dr1-street-candy-shmediums-indoor","SMALLS/MEDIUMS","smalls-mediums","275","SMALLS/MEDIUMS","0","active","https://cdn.shopify.com/s/files/1/0993/8236/2408/files/IMG_2417.jpg?v=1786613752","https://kypfpc-f5.myshopify.com/cdn/shop/videos/c/vp/e3514459dcd048e688a58e92f4d0fb8a/e3514459dcd048e688a58e92f4d0fb8a.HD-1080p-4.8Mbps-91497162.mp4","[""https://cdn.shopify.com/s/files/1/0993/8236/2408/files/IMG_2417.jpg?v=1786613752""]","[{""name"":""QP"",""price"":275,""inventory"":999},{""name"":""HP"",""price"":500,""inventory"":999},{""name"":""P"",""price"":900,""inventory"":999}]","[""hsl(167, 30%, 18%)"",""hsl(167, 40%, 35%)"",""hsl(167, 50%, 60%)""]","10/10👃 Licensed Shmediums Lemon Cherry Candy Nose Soft Squishy Texture #DR1 Street Candy Shmediums (Indoor) (Mediums) is available in the SMALLS/MEDIUMS catalog from FUELPACKS with live product images, video media when available, variant pricing, and a simple Telegram checkout handoff. This restored listing includes clean product details for shoppers comparing menu items, reviewing availability, choosing options, and sending prepared order details directly to the sales rep. Current variants include QP at $275.00, HP at $500.00, P at $900.00. The page includes optimized metadata, descriptive image alt text, a clean slug, pricing information, and product copy built for search visibility.","#DR1 Street Candy Shmediums (Indoor) (Mediums) | FUELPACKS","#DR1 Street Candy Shmediums (Indoor) (Mediums) from FUELPACKS SMALLS/MEDIUMS. View images, video, variants, price, availability, and send your prepared...","SMALLS/MEDIUMS; #DR1 Street Candy Shmediums (Indoor) (Mediums); FUELPACKS; Telegram ordering","/products/dr1-street-candy-shmediums-indoor","#DR1 Street Candy Shmediums (Indoor) (Mediums) product image from FUELPACKS","FUELPACKS","dr1-street-candy-shmediums-indoor","","","#DR1 Street Candy Shmediums (Indoor) (Mediums)","119","gid://shopify/Product/10394998636840","dr1-street-candy-shmediums-indoor","2026-08-13T09:36:25Z"
"#DN4 Privileged Pop Shmediums (Indoor) (Mediums)","dn4-privileged-pop-shmediums-indoor","SMALLS/MEDIUMS","smalls-mediums","275","SMALLS/MEDIUMS","0","active","https://cdn.shopify.com/s/files/1/0993/8236/2408/files/IMG_2419.jpg?v=1786613868","https://kypfpc-f5.myshopify.com/cdn/shop/videos/c/vp/0acad6ac387549c084d8b2575e529ac7/0acad6ac387549c084d8b2575e529ac7.HD-1080p-4.8Mbps-91497346.mp4","[""https://cdn.shopify.com/s/files/1/0993/8236/2408/files/IMG_2419.jpg?v=1786613868""]","[{""name"":""QP"",""price"":275,""inventory"":999},{""name"":""HP"",""price"":500,""inventory"":999},{""name"":""P"",""price"":900,""inventory"":999}]","[""hsl(90, 30%, 18%)"",""hsl(90, 40%, 35%)"",""hsl(90, 50%, 60%)""]","10/10👃 Licensed Shmediums Lemon Cherry Candy Nose Soft Squishy Texture #DN4 Privileged Pop Shmediums (Indoor) (Mediums) is available in the SMALLS/MEDIUMS catalog from FUELPACKS with live product images, video media when available, variant pricing, and a simple Telegram checkout handoff. This restored listing includes clean product details for shoppers comparing menu items, reviewing availability, choosing options, and sending prepared order details directly to the sales rep. Current variants include QP at $275.00, HP at $500.00, P at $900.00. The page includes optimized metadata, descriptive image alt text, a clean slug, pricing information, and product copy built for search visibility.","#DN4 Privileged Pop Shmediums (Indoor) (Mediums) | FUELPACKS","#DN4 Privileged Pop Shmediums (Indoor) (Mediums) from FUELPACKS SMALLS/MEDIUMS. View images, video, variants, price, availability, and send your prepared...","SMALLS/MEDIUMS; #DN4 Privileged Pop Shmediums (Indoor) (Mediums); FUELPACKS; Telegram ordering","/products/dn4-privileged-pop-shmediums-indoor","#DN4 Privileged Pop Shmediums (Indoor) (Mediums) product image from FUELPACKS","FUELPACKS","dn4-privileged-pop-shmediums-indoor","","","#DN4 Privileged Pop Shmediums (Indoor) (Mediums)","120","gid://shopify/Product/10395005026600","dn4-privileged-pop-shmediums-indoor","2026-08-13T09:38:18Z"